Id,Symbol,Coin,Current Price,MCap(MC),Trading Volume(V1),Num Markets(MK),GitHub Commits(Last 4 weeks),Reddit Subscribers,Fb Likes,Twitter Followers,Launch Date,Coin Update,Last Updated
bitcoin,btc,Bitcoin,8524.66,1.51E+11,,280,,,,,09-01-2009,,
ethereum,eth,Ethereum,264.67,28105207175,,298,,,,,07-08-2015,,
ripple,xrp,XRP,0.429535,18100868938,,172,,,,,04-08-2013,,
eos,eos,EOS,7.82,8138138857,,156,,,,,09-07-2017,,
bitcoin-cash,bch,Bitcoin Cash,425.85,7581604416,,197,,,,,02-08-2017,,
litecoin,ltc,Litecoin,112.07,6948845949,,264,,,,,08-10-2011,,
binancecoin,bnb,Binance Coin,32,4621230896,,64,,,,,16-09-2017,,
cardano,ada,Cardano,0.087824,2732775448,,48,,,,,18-10-2017,,
stellar,xlm,Stellar,0.133073,2567537407,,107,,,,,05-08-2014,,
tron,trx,TRON,0.03320923,2182952502,,117,,,,,09-11-2017,,
bitcoin-cash-sv,bsv,Bitcoin SV,117.15,2084181463,,96,,,,,10-11-2018,,
monero,xmr,Monero,91.28,1552808391,,82,,,,,21-05-2014,,
leo-token,leo,LEO Token,1.48,1478407464,,11,,,,,21-05-2019,,
dash,dash,Dash,163.19,1441992507,,146,,,,,14-02-2014,,
iota,miota,IOTA,0.480764,1336296721,,22,,,,,14-06-2017,,
tezos,xtz,Tezos,1.57,1252056710,,21,,,,,28-10-2017,,
cosmos,atom,Cosmos,4.56,1090332816,,28,,,,,28-12-2017,,
ethereum-classic,etc,Ethereum Classic,7.89,874645937,,132,,,,,24-07-2016,,
ontology,ont,Ontology,1.42,873269115,,46,,,,,23-03-2018,,
nem,xem,NEM,0.088145,793362840,,60,,,,,01-04-2015,,
neo,neo,NEO,12.17,791865363,,87,,,,,09-09-2016,,
maker,mkr,Maker,732.57,732729032,,51,,,,,20-12-2017,,
zcash,zec,Zcash,81.8,542298866,,118,,,,,29-10-2016,,
okb,okb,OKB,1.59,478166703,,6,,,,,07-06-2018,,
basic-attention-token,bat,Basic Attention Token,0.355462,445749416,,110,,,,,08-06-2017,,
chainlink,link,ChainLink,1.21,439362281,,45,,,,,09-11-2017,,
holotoken,hot,Holo,0.00246009,438028084,,47,,,,,30-04-2018,,
vechain,vet,VeChain,0.00767905,425524108,,24,,,,,18-11-2017,,
bitcoin-gold,btg,Bitcoin Gold,23.82,416925623,,63,,,,,08-11-2017,,
crypto-com-chain,cro,Crypto.com Chain,0.064197,395375402,,15,,,,,02-01-2019,,
