Current Price,Date,Fb Likes,GitHub Commits(Last 4 weeks),MCap(MC),Network Transaction Volume,Num Markets(MK),Reddit Subscribers,Trading Volume,Twitter Followers,Google_Trend_Data
26.260886400193343,13-06-2019,-1,2,456655943.1862876,-1.0,63.0,-1,28402975.77643473,-1,0.0
25.573567444909877,12-06-2019,-1,2,447893516.6390258,677057.9916320214,63.0,-1,27882751.28973635,74081,0.0
25.94304605750093,11-06-2019,-1,2,453573973.71047217,1154316.0196822155,63.0,-1,30144247.08669164,74058,0.0
24.49951191498227,10-06-2019,-1,2,428837787.3942006,1532411.3594647406,63.0,-1,22801028.22588732,74041,0.0
26.040213532794407,09-06-2019,-1,2,456037279.7469127,960493.4268220824,63.0,-1,25154669.64467775,74007,1.0
26.52285109789889,08-06-2019,-1,2,465226805.2360575,764358.9563179256,63.0,-1,30212885.984988395,73971,0.0
25.646564154594717,07-06-2019,-1,-1,449187046.71164495,-1.0,63.0,-1,28497168.72124697,-1,0.0
25.50819460627973,06-06-2019,-1,2,447028335.22151387,1790486.4152706962,63.0,-1,24774960.06574582,74148,0.0
25.270563836259125,05-06-2019,24299,0,441235080.3086156,3115600.9167884937,63.0,-1,28463603.11215897,74166,0.0
27.725330142124662,04-06-2019,-1,0,486837599.2661287,1537278.8240169382,63.0,-1,37545116.785010256,74137,0.0
28.98000944742575,03-06-2019,-1,0,507585378.01061225,1632093.8971998198,63.0,-1,33698788.3001711,74143,0.0
28.66938832693496,02-06-2019,-1,0,501526901.01136583,2782130.249211098,63.0,-1,24443154.703775264,74122,1.0
29.59404696090521,01-06-2019,-1,0,519231272.2801751,4595778.100129749,63.0,-1,30732853.89189537,74073,0.0
27.096688727294367,31-05-2019,24308,0,475358393.69909465,15706231.27149804,63.0,-1,52208023.92192633,74075,0.0
26.32343646973981,30-05-2019,-1,0,461270252.69271547,6731630.1275888635,63.0,-1,32110508.63406265,74083,0.0
24.53798026022789,29-05-2019,-1,0,429903649.8762573,1135118.4584317454,63.0,-1,24417357.78054659,74025,0.0
24.75489899976559,28-05-2019,-1,0,434016111.3381433,1582201.4516341274,63.0,-1,25605142.15358363,73994,0.0
24.447768852020783,27-05-2019,-1,0,427446483.7884364,1063696.5378061444,63.0,-1,25933528.95411121,73994,0.0
22.659013373849373,26-05-2019,-1,2,396763946.66179216,491927.6748796497,63.0,-1,12143304.66193667,73963,1.0
23.11978500099659,25-05-2019,-1,2,404792071.52271634,729949.5104198118,63.0,-1,13832367.770081975,73923,0.0
23.180754962423958,24-05-2019,-1,2,406744992.85358894,1196080.812208981,63.0,-1,14379739.483908664,73953,0.0
22.716183309962357,23-05-2019,-1,2,397836251.1347476,2145804.82687038,63.0,-1,18230220.648561385,73955,0.0
23.208288122570725,22-05-2019,-1,2,406459040.8598985,3756080.1967540463,63.0,-1,21238986.952476393,73964,0.0
21.576380590303803,21-05-2019,24191,2,377576382.4306132,1151175.7113317011,63.0,-1,17810753.963011075,73945,0.0
22.65699463745174,20-05-2019,-1,2,396250771.6759792,1156239.2872934572,63.0,-1,9521139.904496534,73916,0.0
20.77527364997372,19-05-2019,24144,2,363809379.64688665,1138288.6535575844,63.0,-1,16298613.055206165,73867,1.0
21.4878139827951,18-05-2019,-1,2,376339356.3740428,3769022.172279664,63.0,-1,19023581.92762397,73853,0.0
23.103172631391192,17-05-2019,24079,-1,404232316.2200573,4164770.601313192,63.0,-1,23763235.76360457,73846,0.0
24.646000830606145,16-05-2019,-1,2,429192034.56289446,2033390.2325813773,63.0,-1,24793471.70929951,73826,0.0
22.682290505769352,15-05-2019,-1,2,396935933.1868832,3292046.0507074236,63.0,-1,20732018.6580706,73795,0.0
22.942814346719146,14-05-2019,-1,2,402021744.81654847,1543566.7933681482,63.0,-1,21707168.70646325,73773,0.0
21.589821973974576,13-05-2019,-1,2,377196302.4674346,1952386.171542173,63.0,-1,24111413.05278643,73727,0.0
22.573840413070048,12-05-2019,-1,4,397066199.68535113,2135315.6901268805,63.0,-1,23026716.45448444,73731,0.0
20.06991681024908,11-05-2019,23874,4,351342416.19973725,775687.3991168019,63.0,-1,22224895.964730766,73679,0.0
19.862863460586432,10-05-2019,-1,4,347674778.66597414,1171417.2965380384,63.0,-1,20489727.935273174,73713,0.0
19.36134574560796,09-05-2019,-1,4,338819661.4653816,1149707.4094105791,63.0,-1,18131754.608121127,73700,0.0
18.830611154099035,08-05-2019,-1,4,331853977.0452627,1630934.8276592484,63.0,-1,16265054.76374426,73697,0.0
18.33642586020768,07-05-2019,23664,4,321173692.5058855,1121076.9112715237,63.0,-1,16899871.549719516,73665,0.0
18.392416785640915,06-05-2019,-1,4,322414472.88106066,1254505.4791293908,63.0,-1,19001234.508595094,73693,0.0
18.34164098346486,05-05-2019,-1,-1,321011924.29254603,1897802.557038784,63.0,-1,17372405.179821752,73687,1.0
18.36831162242732,04-05-2019,-1,12,321383553.6891047,10843850.03717436,63.0,-1,17815956.770331178,73640,0.0
16.66864409791076,03-05-2019,23453,14,292642568.94116807,1333355.4297220085,63.0,-1,14880775.240839265,73649,0.0
16.600442851280988,02-05-2019,-1,14,290727618.4339801,749191.9751685804,63.0,-1,17526072.43306353,73611,0.0
16.089373802181278,01-05-2019,-1,14,282104190.87818664,1586535.57118473,63.0,-1,18813890.163679644,73625,0.0
15.575738405069947,30-04-2019,-1,17,272790852.20522773,510226.71837042103,63.0,-1,17142265.279349215,73608,0.0
16.01986187603718,29-04-2019,-1,22,280242885.67709905,461706.1230586036,63.0,-1,17235276.328106236,73660,0.0
16.160031140703534,28-04-2019,-1,20,281740848.35012764,1257099.2538413291,63.0,-1,17608523.959601633,73635,0.0
16.509681030117214,27-04-2019,23450,20,287620446.43663365,1173324.6922332738,63.0,-1,19337122.39446029,73597,0.0
15.442709554455867,26-04-2019,-1,20,264575667.87796357,591561.9442538933,63.0,-1,16619479.689867027,73611,0.0
15.938005216367786,25-04-2019,-1,20,278663970.10336643,1036317.08711141,63.0,-1,15610953.583089687,73570,0.0
16.937840701946744,24-04-2019,-1,20,296502028.5105089,1101483.357146204,63.0,-1,17275552.828709345,73607,0.0
16.908842856312248,23-04-2019,23445,20,296278134.2397953,757048.0004879688,63.0,-1,16320812.19899085,73561,0.0
16.704218812650264,22-04-2019,-1,20,292578461.4593674,749848.59138309,63.0,-1,14808577.061088938,73527,0.0
17.249091074554514,21-04-2019,-1,20,302448755.9947699,788723.8484588672,63.0,-1,17556595.111018773,73515,0.0
17.327369838466748,20-04-2019,-1,20,303645421.5229107,1156426.8486004379,63.0,-1,19776548.073852,73511,0.0
17.293399448789696,19-04-2019,-1,20,303507490.52501816,734494.2124364673,63.0,-1,14307991.00545896,73490,0.0
17.08573914167848,18-04-2019,-1,20,299292623.81046814,1125124.5968056556,63.0,-1,14287847.407081522,73444,0.0
16.903598169732266,17-04-2019,-1,20,295434610.02686214,2309755.345773351,63.0,-1,14088866.329091975,73452,0.0
16.55662508627183,16-04-2019,23474,20,289859114.78588414,877619.1287765403,63.0,-1,18861319.52711425,73453,0.0
16.563182188829288,15-04-2019,-1,20,289723390.2805861,595383.3037793488,63.0,-1,17356353.471960098,73448,0.0
16.13296540992086,14-04-2019,-1,18,282469522.6714621,9617635.64631438,63.0,-1,12257449.629187586,73457,1.0
16.21258662676623,13-04-2019,-1,18,283935499.53414786,646821.5580843112,63.0,-1,13654506.21114358,73423,0.0
16.312604780356722,12-04-2019,23491,18,285867320.91304684,903262.0713087642,63.0,-1,14574611.112637447,73380,0.0
18.040656348098164,11-04-2019,-1,18,316174589.2120825,850076.4578069814,63.0,-1,16951366.21286742,73400,0.0
17.60247975948099,10-04-2019,-1,18,308162577.11555594,17101334.729926072,63.0,-1,15032798.08194911,73397,0.0
17.629803368776948,09-04-2019,23495,18,308340491.35614103,7569527.6013832325,63.0,-1,13183638.31244371,73355,0.0
18.939217893749667,08-04-2019,-1,18,331145282.43124354,4266659.338415697,63.0,-1,8077159.455730944,73320,0.0
18.493892322259647,07-04-2019,-1,18,324975852.5423569,3804865.113023047,63.0,-1,21650050.307497505,73327,0.0
17.97533847043765,06-04-2019,-1,0,313509039.370165,5516438.183867598,63.0,-1,23846141.62431005,73310,0.0
15.316035651696405,05-04-2019,23505,0,269141189.9113944,1524371.648768955,63.0,-1,7484560.472340504,73271,0.0
15.871438079164696,04-04-2019,-1,0,278904854.4987236,2678361.472835416,63.0,-1,17158824.028167907,73249,0.0
14.902379793121062,03-04-2019,-1,0,262624336.14036065,1006604.684333732,63.0,-1,8718478.424016088,73227,0.0
13.342827915247932,02-04-2019,23501,0,233649426.8012885,3545089.6970030344,63.0,-1,5331554.258976503,73178,0.0
12.999555477100735,01-04-2019,-1,0,227506223.5864108,2525943.081790396,63.0,-1,3274151.0153559325,73185,0.0
12.896693405113158,31-03-2019,23500,-1,225869106.5032721,3802948.371382626,63.0,-1,3054174.084645148,73184,0.0
13.071300168407273,30-03-2019,-1,0,229389271.22292653,1438839.0898004556,63.0,-1,2659172.4265845944,73149,0.0
12.701216644566536,29-03-2019,-1,0,222445515.70649827,475668.28715523,63.0,-1,10035086.206387768,73117,0.0
12.882143684342964,28-03-2019,-1,0,225574668.81985697,495035.4280621596,63.0,-1,10348011.128476782,73095,0.0
12.248636115159677,27-03-2019,-1,-1,214287978.4136048,559923.2375172471,63.0,-1,9554731.204952048,73101,0.0
12.342485952887097,26-03-2019,-1,0,216211236.86136544,860889.5853055064,63.0,-1,9542206.19317991,73117,0.0
13.127234036244063,25-03-2019,-1,0,229913811.95695,660978.0832870014,63.0,-1,9576643.155811343,73058,0.0
13.100424949165422,24-03-2019,-1,1,228640002.47010663,4189935.406726818,63.0,-1,2803477.449896654,73072,0.0
12.984428202402274,23-03-2019,-1,1,227404687.8318141,616563.9965270496,63.0,-1,9819542.379534202,73046,0.0
12.91801850490054,22-03-2019,-1,2,226272957.571792,526047.357517636,63.0,-1,10433114.16894043,72982,0.0
13.376155997048553,21-03-2019,-1,3,234268979.5444525,424935.1330118153,63.0,-1,9646585.439843522,72987,0.0
13.231023734797684,20-03-2019,-1,3,231687985.54781705,409211.63888459705,63.0,-1,9882590.640542997,72902,0.0
13.17152252183881,19-03-2019,23541,3,230733783.80956304,613926.7849221504,63.0,-1,10477027.417151436,72942,0.0
13.276596255642236,18-03-2019,-1,3,232523500.22710744,422427.762063324,63.0,-1,9736558.790685324,72926,0.0
13.564885904858544,17-03-2019,-1,3,237370982.41665092,565936.785304785,63.0,-1,12218531.921892367,72949,1.0
13.390768737299744,16-03-2019,-1,9,234566720.96451125,1954390.099917934,63.0,-1,11037356.02361299,72923,0.0
13.167701980990289,15-03-2019,23539,9,230575947.35769483,2514739.383885571,63.0,-1,13801236.1449917,72882,0.0
12.581922358031788,14-03-2019,-1,9,220772603.4428312,-1.0,58.0,-1,12093867.023772744,-1,0.0
12.584244685936909,13-03-2019,-1,9,220527295.0381164,570079.3068059159,58.0,-1,9868569.80858422,72856,0.0
12.159096228964975,12-03-2019,-1,-1,213083266.47646332,-1.0,58.0,-1,8461822.672777463,-1,0.0
12.567926991657071,11-03-2019,-1,9,220310839.7477602,345647.9975601796,58.0,-1,9846191.4270549,72811,0.0
12.742954195791526,10-03-2019,-1,9,223179131.32057384,547269.1245166928,58.0,-1,9408847.676957672,-1,0.0
12.480948268468875,09-03-2019,-1,9,218543017.3111625,1061672.1186691937,58.0,-1,11144605.052952023,72812,0.0
12.430216136126814,08-03-2019,-1,9,217661630.77400285,415582.3508354829,58.0,-1,9677170.44332831,-1,0.0
12.492875644671125,07-03-2019,-1,-1,216913983.07226363,900201.0629540145,58.0,-1,2692982.6234306907,72836,0.0
12.398647492886527,06-03-2019,-1,9,217305862.0436084,1561685.914941356,58.0,-1,7696473.845289397,-1,0.0
11.676584009317342,05-03-2019,-1,-1,204502804.9187992,420805.55041831295,58.0,-1,2697966.5679522464,72826,0.0
12.154062369059012,04-03-2019,-1,-1,212689068.90339264,310858.51198891684,58.0,-1,8167360.184174715,-1,0.0
12.361705134241438,03-03-2019,-1,9,216501964.2315144,464516.1402214128,58.0,-1,2419957.249828258,72817,0.0
12.481929944148948,02-03-2019,-1,9,218688997.1028204,541047.8921750257,58.0,-1,2579043.3018499454,72812,0.0
12.580928343866455,01-03-2019,23569,9,220341422.86392304,523390.786884735,58.0,-1,8494289.354580248,72810,0.0
12.60258703291332,28-02-2019,-1,9,221058080.5083187,646598.7204631104,58.0,-1,9556415.959610302,72831,0.0
12.795573426799125,27-02-2019,23581,9,224032903.3972679,742785.3954348066,58.0,-1,9789673.866536833,72833,0.0
12.643422250409374,26-02-2019,-1,9,221435936.3935789,990871.1540753592,58.0,-1,9569773.504356898,72784,0.0
12.24434284497643,25-02-2019,23579,9,215676686.4306256,6931259.1397221275,58.0,-1,4840427.583933403,72838,0.0
13.329275789005392,24-02-2019,23585,7,232974500.4292985,2987977.0236268383,58.0,-1,11352903.887670478,72837,0.0
12.518886629981733,23-02-2019,-1,7,219204024.36589667,545102.9696158515,58.0,-1,13519876.208301162,72822,0.0
12.421083188552199,22-02-2019,-1,7,217541906.9619809,1478842.9741129398,58.0,-1,13235547.008165585,72787,0.0
12.40485279328273,21-02-2019,23592,0,217257649.05274144,1067632.085713827,58.0,-1,151425836.5832875,72775,0.0
12.101297715057376,20-02-2019,-1,2,211941208.48288843,6722715.753164862,58.0,-1,187024544.16087964,72798,0.0
11.562122412225726,19-02-2019,23603,2,202498133.2064181,9829058.677018728,58.0,-1,247605160.8513172,72824,0.0
10.108334444481283,18-02-2019,-1,2,176333060.72735608,245461.6980350367,58.0,-1,284767437.91479367,72809,0.0
10.306439016953176,17-02-2019,23600,2,180506189.65355268,226572.16706646731,58.0,-1,6787568.092346569,72793,0.0
9.99857948679299,16-02-2019,-1,2,175083713.6542887,220940.73547082717,58.0,-1,234568120.8231516,72760,0.0
9.963873677863397,15-02-2019,-1,2,174542550.4606103,1512277.1287093738,58.0,-1,74329215.06433052,72711,0.0
10.014377247930623,14-02-2019,-1,2,175373650.2414531,485079.26794138283,58.0,-1,114098590.30821437,72755,0.0
10.060374087382314,13-02-2019,23607,2,176259316.46979824,334143.4103249463,58.0,-1,71230262.68973698,72740,0.0
9.836682916381806,12-02-2019,23614,2,172278917.00960928,622576.1273451686,58.0,-1,401061669.0304873,72682,0.0
10.14140466371114,11-02-2019,-1,2,177312437.23761007,261948.7004373432,58.0,-1,102863394.70717864,72722,0.0
10.045606579793832,10-02-2019,-1,2,175893280.85509852,2938721.9424275723,58.0,-1,261226450.4458976,72732,0.0
10.100005652396815,09-02-2019,-1,2,176890731.39564833,3166568.026680076,58.0,-1,511298527.83695006,72696,0.0
9.15011334816108,08-02-2019,-1,2,160254389.77107868,1042599.0725386577,58.0,-1,383246514.6744672,72757,0.0
9.096909630637262,07-02-2019,23614,-1,161700652.54827422,772204.7810182113,58.0,-1,172030244.67902982,72783,0.0
9.595038372706366,06-02-2019,-1,-1,168090265.2610671,285705.1392785106,58.0,-1,7876294.748673998,72795,0.0
9.765837767117047,05-02-2019,-1,-1,171038140.44961768,469871.769079621,58.0,-1,6580287.103117772,72807,0.0
9.511149690441558,04-02-2019,-1,-1,166623639.24642065,195036.1834900234,58.0,-1,147388922.90220878,72777,0.0
9.808880273685034,03-02-2019,23612,2,170843149.535116,207456.84121756686,58.0,-1,222022247.73233628,72805,0.0
9.879011671311023,02-02-2019,-1,2,173020259.60645428,259652.49572726872,58.0,-1,304849374.74175054,72768,0.0
9.788949532493477,01-02-2019,-1,2,171442914.1286093,614054.8280782814,58.0,-1,196745332.17310703,72763,0.0
10.171034158566693,31-01-2019,23620,2,178134715.07418492,866412.3405020287,58.0,-1,248423155.73028442,72741,0.0
9.757899355515931,30-01-2019,-1,2,170743225.77673018,370244.3448095885,58.0,-1,237058182.00010163,72811,0.0
9.603718911030503,29-01-2019,23621,3,168198799.17796493,1837920.828487396,58.0,-1,221840797.50057825,72810,0.0
10.82323691,28-01-2019,-1,4,189571292.1,-1.0,57.0,-1,121469579.6,72858,0.0
10.98794717,27-01-2019,-1,4,192442067.1,386306.5435,57.0,-1,253254739.8,72828,1.0
10.96074849,26-01-2019,23627,4,191965711.5,475327.43,57.0,-1,191336798.0,72788,0.0
11.0114779,25-01-2019,-1,4,192885196.6,1222345.481,57.0,-1,301722516.3,72841,0.0
11.05653123,24-01-2019,-1,4,193551631.4,531187.182,57.0,-1,248647988.0,72861,0.0
11.07259211,23-01-2019,-1,4,193932636.0,706554.2799,57.0,-1,344189911.7,72877,0.0
10.97648756,22-01-2019,-1,4,192158225.4,1653504.666,57.0,-1,244662509.6,72925,0.0
11.09914205,21-01-2019,23637,4,194479762.6,729596.8323,57.0,-1,148176485.4,72927,0.0
11.2905107,20-01-2019,-1,4,197733363.0,846666.9133,57.0,-1,273731301.7,72912,0.0
11.03204822,19-01-2019,-1,4,193224081.8,1052894.575,57.0,-1,270923035.6,72875,0.0
11.56771579,18-01-2019,-1,4,202567179.9,1734927.5769999996,57.0,-1,361032357.6,72832,0.0
11.87545594,17-01-2019,-1,4,208586832.2,780575.1194,57.0,-1,100457376.5,72852,0.0
11.80986711,16-01-2019,-1,4,206824456.8,3685512.527,57.0,-1,124971253.2,72838,0.0
12.15666131,15-01-2019,23659,4,213377567.8,323546.9605,57.0,-1,424269097.2,72955,0.0
11.75308646,14-01-2019,-1,4,205842658.3,356556.5945,57.0,-1,30204592.82,73086,0.0
12.25620352,13-01-2019,-1,4,214655868.5,367797.1735,57.0,-1,278078225.3,73065,0.0
12.45700294,12-01-2019,-1,4,218067050.1,253451.683,57.0,-1,263369402.1,73058,0.0
12.1166107,11-01-2019,23658,4,212209394.0,621689.6485,57.0,-1,252145309.5,73045,0.0
13.23932124,10-01-2019,-1,4,232283235.8,1152391.223,57.0,-1,233371113.0,73070,0.0
13.38456685,09-01-2019,-1,4,235581170.4,438301.9963,57.0,-1,220975873.4,73054,0.0
13.45880378,08-01-2019,-1,4,235751964.2,515851.2761,57.0,-1,216980800.6,73082,0.0
13.65575748,07-01-2019,-1,4,238689697.6,8046364.272999999,57.0,-1,198042424.4,73148,0.0
12.959785,06-01-2019,-1,4,226827254.7,1491525.2880000004,57.0,-1,271533807.3,73134,0.0
12.97397115,05-01-2019,-1,4,227232462.4,538858.8481,57.0,-1,373468598.7,73103,0.0
12.88003756,04-01-2019,-1,4,225556541.9,1971532.335,57.0,-1,240136663.5,73027,0.0
13.37239809,03-01-2019,-1,4,234256961.2,554136.5907,57.0,-1,298614458.8,73107,0.0
13.13836466,02-01-2019,-1,4,228240552.2,857721.5833,57.0,-1,27985408.43,73080,0.0
12.64703551,01-01-2019,-1,2,221506370.4,855923.6927,57.0,-1,22999120.41,-1,0.0
13.55975167,31-12-2018,-1,2,237455927.6,1076949.976,57.0,-1,259101835.8,73034,0.0
13.79198159,30-12-2018,-1,2,244555864.8,921662.6451,57.0,-1,136150838.7,73239,0.0
14.42404072,29-12-2018,23674,2,252543065.5,770904.2925,57.0,-1,282127368.4,73208,0.0
13.55263522,28-12-2018,23674,2,238046167.5,599776.7076,57.0,-1,285167900.9,73158,0.0
14.25126114,27-12-2018,-1,2,249678735.8,775142.6633,57.0,-1,496534877.8,73287,0.0
13.991567800000002,26-12-2018,-1,0,244429517.7,842291.0247,57.0,-1,146779934.4,73299,0.0
15.13267441,25-12-2018,-1,0,265003738.4,512869.0103,57.0,-1,106905769.8,73283,0.0
14.9972337,24-12-2018,-1,0,262706989.9,1349093.735,57.0,-1,374831585.7,73290,0.0
14.70672075,23-12-2018,-1,0,259059410.6,2560552.617,57.0,-1,210049368.8,73289,0.0
14.21696605,22-12-2018,-1,0,248973449.4,972059.7859,57.0,-1,195873553.2,73277,0.0
14.79379975,21-12-2018,23698,0,258913273.7,2006552.707,57.0,-1,9640131.619,73289,0.0
12.74664764,20-12-2018,-1,0,221102480.0,1339070.5890000002,57.0,-1,106708075.5,73253,0.0
12.51014416,19-12-2018,-1,0,218861201.3,1294260.146,57.0,-1,213415498.6,73289,0.0
12.11081353,18-12-2018,-1,0,211882761.6,668035.6016,57.0,-1,286880057.7,73329,0.0
10.9319699,17-12-2018,23693,0,191382298.8,401074.2191,57.0,-1,230244264.7,73365,0.0
10.73459448,16-12-2018,-1,-1,187965618.1,728928.7996,57.0,-1,51264788.66,73354,0.0
10.77727971,15-12-2018,23706,0,188531064.7,786068.558,57.0,-1,185719249.9,73339,0.0
11.24338473,14-12-2018,-1,0,196640788.6,314065.29,57.0,-1,253858867.2,73339,0.0
11.73450136,13-12-2018,-1,-1,205055987.3,590478.8897,57.0,-1,253519603.4,73376,0.0
11.40605367,12-12-2018,-1,0,199476895.4,699614.4812,57.0,-1,190332248.1,73454,0.0
11.85637624,11-12-2018,-1,0,207402231.0,1626675.82,57.0,-1,384623902.4,73485,0.0
12.33457106,10-12-2018,23708,0,215872707.4,1719403.366,57.0,-1,634539942.1,73501,0.0
12.3209966,09-12-2018,-1,0,215085962.8,479819.1075,57.0,-1,215390809.6,73533,0.0
12.4565443,08-12-2018,-1,0,217452030.0,839841.1841,57.0,-1,373447034.5,73520,0.0
13.82226634,07-12-2018,23706,0,245317570.2,1850432.539,57.0,-1,601509280.0,73555,0.0
15.39096257,06-12-2018,-1,0,269368320.2,3312260.144,57.0,-1,320205952.0,73587,0.0
16.49394964,05-12-2018,-1,0,288240980.0,1915736.39,57.0,-1,225649294.2,73609,0.0
17.18348683,04-12-2018,-1,0,300193429.9,742689.9133,57.0,-1,387036800.7,73619,0.0
18.34980547,03-12-2018,-1,0,320528381.3,1024858.79,57.0,-1,270987382.7,73612,0.0
18.78459566,02-12-2018,-1,0,328472080.8,366083.6081,57.0,-1,289922000.1,-1,0.0
18.82028866,01-12-2018,-1,0,327771506.5,407120.2014,57.0,-1,838168308.6,-1,0.0
19.06410478,30-11-2018,-1,0,333007946.7,1373245.053,57.0,-1,407479289.9,73611,0.0
19.58549408,29-11-2018,-1,0,342956443.1,1119668.008,57.0,-1,387427647.7,73610,0.0
18.38531637,28-11-2018,23717,0,320559783.4,1443493.716,57.0,-1,210508387.6,73685,0.0
18.42832013,27-11-2018,-1,0,322677423.2,3017764.635,57.0,-1,243324978.2,73678,0.0
19.76023436,26-11-2018,-1,0,345072203.7,2644204.896,57.0,-1,250840228.5,73668,0.0
19.33999694,25-11-2018,-1,0,337700010.7,4346209.817,57.0,-1,204913449.9,73649,0.0
20.01590337,24-11-2018,23719,0,349020581.7,6044424.182999997,57.0,-1,491571245.4,73632,0.0
19.6848049,23-11-2018,-1,0,350371004.2,1344899.301,57.0,-1,392564175.9,73636,0.0
21.62750374,22-11-2018,-1,0,377126223.5,903155.3782,57.0,-1,416602831.1,73630,0.0
20.46853761,21-11-2018,23719,0,355303050.3,897660.3413,57.0,-1,168197677.7,73624,0.0
26.41745857,20-11-2018,23716,0,462810930.4,6174903.937000001,57.0,-1,837935709.9,73610,0.0
27.08825268,19-11-2018,23718,0,475007835.5,35325079.44,57.0,-1,4865759.535,73604,0.0
27.50889593,18-11-2018,-1,0,479954050.4,4132885.416,57.0,-1,460787777.2,73575,1.0
27.31727152,17-11-2018,23721,0,467282987.7,2947825.028,57.0,-1,681573156.3,73546,0.0
27.01549268,16-11-2018,-1,0,471286920.1,4619278.672,57.0,-1,486685290.7,73536,0.0
26.95820983,15-11-2018,23726,0,468267522.1,11560186.85,57.0,-1,310939546.7,73538,0.0
28.04286403,14-11-2018,-1,0,489174804.8,4421881.5830000015,57.0,-1,634470694.2,73539,0.0
28.58187887,13-11-2018,23727,0,498426733.8,4862640.9860000005,57.0,-1,405728759.7,73523,0.0
29.47134765,12-11-2018,-1,0,514191453.5,11281206.69,57.0,-1,17184984.58,73498,0.0
30.16034243,11-11-2018,-1,0,524433774.1,1729727.4530000002,57.0,-1,3371727.499,73484,0.0
29.34045866,10-11-2018,-1,0,511369348.0,3414953.142,57.0,-1,3663668.469,73479,0.0
30.28557755,09-11-2018,-1,0,527825600.5,12885761.62,57.0,-1,84780764.83,73473,0.0
31.62849568,08-11-2018,-1,0,544813560.6,8879929.655,57.0,-1,30504915.96,73526,0.0
31.99909911,07-11-2018,-1,0,557030876.0,28670664.51,57.0,-1,8035820.465,73537,0.0
29.78443848,06-11-2018,-1,0,518467290.8,9197419.472,57.0,-1,24535516.72,73541,0.0
29.26053951,05-11-2018,23723,5,509382412.7,17120858.56,57.0,-1,11304468.38,73536,0.0
27.02218145,04-11-2018,-1,5,470423832.3,6008433.2710000025,57.0,-1,1933442.444,73540,1.0
27.53472986,03-11-2018,-1,5,479329066.5,668004.0723,57.0,-1,2537554.926,73501,0.0
26.53565573,02-11-2018,-1,5,462895549.3,4137611.871,57.0,-1,95678654.81,73522,0.0
26.12008935,01-11-2018,-1,5,454750626.3,1307964.082,57.0,-1,9141046.599,-1,0.0
25.99678045,31-10-2018,-1,5,452195520.1,3580975.6,57.0,-1,2542021.742,73855,0.0
26.39918257,30-10-2018,-1,5,459272651.7,1182187.797,57.0,-1,3307718.433,73862,0.0
27.11409158,29-10-2018,-1,5,472186140.5,7789913.794,57.0,-1,2601562.212,74028,0.0
26.99558048,28-10-2018,23712,5,469949623.0,1164751.543,57.0,-1,193424973.6,74007,0.0
26.60262787,27-10-2018,-1,5,463105747.5,5743384.875,57.0,-1,140708569.1,73978,0.0
26.68273241,26-10-2018,-1,5,464531205.1,2928680.047,57.0,-1,46455940.29,73687,0.0
27.21617274,25-10-2018,23719,5,473716839.6,2906473.2010000013,57.0,-1,7035188.357000003,73708,0.0
26.81074703,24-10-2018,-1,5,466633323.6,5058328.872,57.0,-1,3833167.975,73725,0.0
26.23008996,23-10-2018,-1,5,456460250.9,16344745.93,57.0,-1,4590284.413,73710,0.0
26.23608736,22-10-2018,-1,5,456553816.8,2848595.9680000013,57.0,-1,5876077.8670000015,73808,0.0
26.82055336,21-10-2018,-1,5,466621099.2,6288759.76,57.0,-1,2608062.109,73810,0.0
26.22506257,20-10-2018,23689,5,456339066.8,3778116.717,57.0,-1,2581485.064,73823,0.0
25.97990643,19-10-2018,-1,5,451922059.4,1791432.031,57.0,-1,71335121.15,73812,0.0
26.82620089,18-10-2018,23678,5,464600976.8,906113.2149,57.0,-1,2232205.708,73813,0.0
27.02667421,17-10-2018,-1,10,470090959.9,977465.2918,57.0,-1,2937386.793,73920,0.0
26.23825153,16-10-2018,23667,10,456912423.9,6701448.28,57.0,-1,19148663.03,73958,0.0
24.76055603,15-10-2018,23670,10,430905413.9,5860460.761,57.0,-1,2452928.38,73955,0.0
24.76940795,14-10-2018,-1,10,430544453.9,1299070.509,57.0,-1,2618957.049,73946,1.0
25.20107664,13-10-2018,-1,10,438103986.2,3779378.3210000005,57.0,-1,3540084.284,73939,0.0
24.08032084,12-10-2018,-1,10,418579454.0,1881311.587,57.0,-1,5004582.877,73922,0.0
26.48552748,11-10-2018,23660,10,460268126.8,2876701.36,57.0,-1,2877796.889,73922,0.0
27.10839513,10-10-2018,23661,10,470700214.7,9581537.663,57.0,-1,2848601.24,73926,0.0
27.53256508,09-10-2018,-1,10,478379365.7,3642860.835,57.0,-1,3962960.241,73957,0.0
27.13361719,08-10-2018,-1,5,471442829.3,9038240.819,57.0,-1,17527263.61,74115,0.0
28.25186425,07-10-2018,23671,5,490473228.9,6072831.221,57.0,-1,24582565.4,74102,1.0
27.4124532,06-10-2018,-1,5,476005376.6,12332274.56,57.0,-1,21949642.96,74079,0.0
25.8880361,05-10-2018,-1,5,449676444.9,4861539.029,57.0,-1,17279571.3,74049,0.0
25.86142914,04-10-2018,-1,5,449214031.0,2662669.307,57.0,-1,14991803.94,74040,0.0
25.6702495,03-10-2018,-1,5,445788889.2,4948834.207,57.0,-1,15392482.16,74016,0.0
25.43058911,02-10-2018,-1,5,441889824.2,1075374.576,57.0,-1,14691373.1,74006,0.0
25.89762544,01-10-2018,23682,5,449666952.2,2331989.496,57.0,-1,8904936.052000001,73988,0.0
26.30999925,30-09-2018,-1,5,456779563.9,1309768.946,57.0,-1,8379921.299,73964,1.0
27.00827477,29-09-2018,-1,5,468847744.6,5044298.714,57.0,-1,15855343.98,73960,0.0
26.73801441,28-09-2018,-1,5,464071943.8,8197505.624,57.0,-1,25908878.62,73925,0.0
23.74170724,27-09-2018,-1,5,412273191.1,12216715.04,57.0,-1,15293871.85,73919,0.0
22.07172730000001,26-09-2018,-1,5,383034379.9,7945162.767000001,57.0,-1,5435914.432999998,73919,0.0
22.33123438,25-09-2018,-1,5,387433254.3,2831502.77,57.0,-1,4811535.089,73941,0.0
22.73135671,24-09-2018,-1,5,394413113.9,2113618.253,57.0,-1,7055975.005,73919,0.0
22.4742559,23-09-2018,-1,5,389897125.1,2827470.028,57.0,-1,7261814.936000003,73912,1.0
22.78864071,22-09-2018,-1,5,395292347.3,5304873.964,57.0,-1,6499494.924,73898,0.0
21.64031935,21-09-2018,-1,5,375354098.5,3937845.416,57.0,-1,5156526.25,73897,0.0
21.00906673,20-09-2018,-1,5,364280242.0,4005773.559,57.0,-1,9062371.522,73898,0.0
21.12947212,19-09-2018,-1,0,366408498.4,2791871.38,57.0,-1,51366388.28,73831,0.0
19.80655049,18-09-2018,23662,0,343462332.6,4339822.395,57.0,-1,28754385.14,73797,0.0
20.47983776,17-09-2018,-1,0,355075302.2,24319352.59,57.0,-1,36150140.94,-1,0.0
20.53509715,16-09-2018,-1,0,356037695.1,1237315.585,57.0,-1,14302308.92,-1,1.0
20.11942,15-09-2018,-1,0,348665529.2,2929564.417,57.0,-1,18411281.0,-1,0.0
20.69239591,14-09-2018,-1,0,358851170.8,2745770.522,57.0,-1,16434010.76,-1,0.0
19.16588224,13-09-2018,23640,0,332161726.3,5319464.443,57.0,-1,25658094.07,-1,0.0
19.01964626,12-09-2018,-1,0,329736614.1,3017984.508,57.0,-1,19885589.46,-1,0.0
19.54532672,11-09-2018,23643,0,337575323.5,4913156.528,57.0,-1,7346383.1910000015,73588,0.0
19.38704579,10-09-2018,23645,0,336306898.7,3779602.836,57.0,-1,17468225.76,73555,0.0
18.66634667,09-09-2018,-1,0,323363438.3,3282065.118,57.0,-1,15359252.12,73538,1.0
19.11350851,08-09-2018,-1,0,331048003.9,3620214.735,57.0,-1,10199021.57,73540,0.0
19.84154256,07-09-2018,-1,0,342419531.7,2963284.631,57.0,-1,10638277.94,73519,0.0
19.65397041,06-09-2018,-1,0,340518838.0,4977293.8610000005,57.0,-1,28105795.47,73508,0.0
21.49312265,05-09-2018,-1,0,372254589.8,6555418.921,57.0,-1,10158179.68,73456,0.0
21.26773777,04-09-2018,-1,0,368429376.6,5770341.062000001,57.0,-1,8869503.136,73424,0.0
21.54601247,03-09-2018,-1,0,373084688.7,5019639.998,57.0,-1,11262220.56,73399,0.0
22.20211195,02-09-2018,23622,0,384745071.1,5740708.279,57.0,-1,16914542.37,73391,0.0
22.42063028,01-09-2018,23628,0,388091359.7,13485887.54,57.0,-1,7414453.499,73362,0.0
21.7818762,31-08-2018,-1,0,376978497.9,3246907.9680000013,57.0,-1,8087446.103999997,-1,0.0
22.73067338,30-08-2018,23596,0,393463509.4,4105815.423,57.0,-1,11113290.28,73371,0.0
21.95590498,29-08-2018,-1,0,379919713.1,7837994.248,57.0,-1,9874256.354,-1,0.0
20.61377685,28-08-2018,-1,0,356346352.4,4246699.8089999985,57.0,-1,6332416.575,73315,0.0
19.32915723,27-08-2018,-1,0,334395117.6,1641586.249,57.0,-1,5574278.2360000005,73237,0.0
20.24870445,26-08-2018,-1,0,350482969.4,1289260.029,57.0,-1,7992283.768999997,73221,1.0
19.19665321,25-08-2018,-1,0,332046386.8,2394973.118,57.0,-1,5362144.762,73233,0.0
18.53757642,24-08-2018,-1,0,320520878.4,1985079.045,57.0,-1,5604567.714,73197,0.0
18.21183266,23-08-2018,-1,0,314883870.1,1816809.69,57.0,-1,5870800.82,73156,0.0
18.52947264,22-08-2018,-1,0,320357938.9,1509649.216,57.0,-1,4528085.639,73129,0.0
17.98869686,21-08-2018,-1,0,311014424.7,2770064.755,57.0,-1,5781214.866,73091,0.0
19.57278727,20-08-2018,-1,0,338334923.3,1355497.979,57.0,-1,6724576.694,73090,0.0
18.63750538,19-08-2018,-1,0,322156465.1,942684.937,57.0,-1,6484183.507,73075,0.0
20.14240668,18-08-2018,-1,0,348072289.4,1545247.889,57.0,-1,9587072.484,73068,0.0
17.0149299,17-08-2018,-1,0,293723010.7,2949576.967,57.0,-1,4800041.302,73056,0.0
16.38540584,16-08-2018,-1,0,282664119.9,1535089.1619999998,57.0,-1,5190260.339,73056,0.0
15.68237198,15-08-2018,-1,0,270968038.2,3587693.348,57.0,-1,7478187.329,73129,0.0
17.87150805,14-08-2018,-1,0,308764008.9,4199042.32,57.0,-1,5722195.557,73146,0.0
19.71841921,13-08-2018,-1,0,340638621.8,3159026.529,57.0,-1,5393662.923,73151,0.0
19.88303315,12-08-2018,-1,0,343444077.2,1932220.101,57.0,-1,6052883.266,73160,0.0
20.90119948,11-08-2018,-1,0,360993992.2,1739913.731,57.0,-1,6765936.188999997,73160,0.0
22.17836167,10-08-2018,-1,0,383013898.5,1735754.684,57.0,-1,6824637.662000001,73122,0.0
21.28905775,09-08-2018,-1,0,367615693.6,2497578.78,57.0,-1,7826507.557999997,73078,0.0
23.36489422,08-08-2018,-1,2,403420859.2,6952014.063999997,57.0,-1,8638156.762,73050,0.0
25.93080862,07-08-2018,-1,2,447676250.2,5013904.3160000015,57.0,-1,15888206.28,73032,0.0
25.36873449,06-08-2018,-1,2,437926157.9,4878194.447,57.0,-1,9469029.458,73035,0.0
23.57747109,05-08-2018,-1,2,406961558.9,1649827.229,57.0,-1,5120877.6839999985,72981,0.0
24.73395949,04-08-2018,-1,2,426879043.4,1788742.282,57.0,-1,10398858.25,-1,0.0
25.68574326,03-08-2018,-1,2,443259156.3,2869624.845,57.0,-1,9219659.072,-1,0.0
25.71688449,02-08-2018,-1,2,443755413.9,1857733.408,57.0,-1,6319104.846,72900,0.0
27.89691007,01-08-2018,-1,2,481320693.4,1310426.357,57.0,-1,11403836.12,72858,0.0
30.36018117,31-07-2018,-1,2,523764315.2,1912342.948,57.0,-1,9657800.973,72890,0.0
29.36904409,30-07-2018,-1,2,506619273.2,1529103.012,57.0,-1,6980682.3829999985,72885,0.0
28.96023729,29-07-2018,-1,2,499510114.0,2885108.256,57.0,-1,6012099.438999997,72846,1.0
29.42962095,28-07-2018,-1,2,507555341.1,2229103.9790000003,57.0,-1,10202482.8,72810,0.0
29.65208957,27-07-2018,-1,2,511339123.3,2582917.222,57.0,-1,10174056.85,72803,0.0
30.650783,26-07-2018,-1,2,528504894.8,2148031.578,57.0,-1,11501264.46,72774,0.0
35.10411427,25-07-2018,23470,2,605228229.4,2574687.61,57.0,-1,46284148.65,72744,0.0
34.92057951,24-07-2018,-1,2,602003241.5,3266068.485,57.0,-1,80968141.36,72755,0.0
29.78665861,23-07-2018,-1,2,513443017.8,5098623.662,57.0,-1,19134891.75,72728,0.0
29.05767712,22-07-2018,-1,2,500829001.3,1165529.758,57.0,-1,7711367.986,72729,1.0
28.09690905,21-07-2018,-1,2,484217173.9,994338.2036,57.0,-1,9395425.473,72700,0.0
30.86312825,20-07-2018,-1,2,531834154.0,3670171.726,57.0,-1,9175024.625,72690,0.0
31.230944,19-07-2018,-1,3,538114196.2,3515151.5510000004,57.0,-1,12120719.57,72685,0.0
31.3729036,18-07-2018,-1,5,540502535.1,10342398.36,57.0,-1,14783402.92,72657,0.0
29.91314124,17-07-2018,23423,5,515301302.8,6660512.207,57.0,-1,11692287.91,72629,0.0
28.38892315,16-07-2018,-1,7,488995967.5,1122290.3590000002,57.0,-1,14886841.52,72624,0.0
28.75899324,15-07-2018,-1,10,495318257.0,2724304.111,57.0,-1,6498173.674,72606,1.0
27.5785959,14-07-2018,23411,14,474938200.4,708538.5707,57.0,-1,11792290.43,72607,0.0
26.08000587,13-07-2018,-1,14,449082016.4,1329437.588,57.0,-1,7017541.318,72599,0.0
27.86853287,12-07-2018,-1,14,479832347.5,1246163.671,57.0,-1,8966390.611,72562,0.0
27.82549824,11-07-2018,-1,12,479039216.7,3796511.93,57.0,-1,9682918.082,72539,0.0
30.58137919,10-07-2018,-1,12,526428582.8,1833468.84,57.0,-1,13611472.33,72537,0.0
31.11812272,09-07-2018,-1,12,535615586.7,1882432.654,57.0,-1,14207315.97,72517,0.0
31.70792207,08-07-2018,-1,12,545705977.3,978575.6631,57.0,-1,25188652.24,72469,0.0
33.21957219,07-07-2018,-1,13,571666435.5,1127242.869,57.0,-1,20608217.55,72458,0.0
28.33877336,06-07-2018,-1,15,487621690.8,966446.2482,57.0,-1,11409964.09,72438,0.0
29.5980886,05-07-2018,-1,16,509236552.5,624424.0966,57.0,-1,11845452.0,72432,0.0
28.66165132,04-07-2018,-1,17,493063481.0,411449.8312,57.0,-1,12337873.95,72403,0.0
29.33186482,03-07-2018,23350,18,504525632.6,350370.9195,57.0,-1,15886418.88,72354,0.0
26.88337527,02-07-2018,-1,19,462360412.5,468428.7267,57.0,-1,11831777.82,72308,0.0
26.31447449,01-07-2018,-1,19,452529980.7,631112.6927,57.0,-1,10875387.54,72314,1.0
24.35172866,30-06-2018,-1,19,418730983.9,936665.5147,57.0,-1,8724813.538999999,72290,0.0
23.41625666,29-06-2018,-1,19,402601521.7,1226404.787,57.0,-1,8202681.885,72301,0.0
24.70132111,28-06-2018,-1,19,424648095.6,821571.1985,57.0,-1,7501007.503,72296,0.0
24.33559299,27-06-2018,-1,19,418312078.5,3974555.906,57.0,-1,8355376.422999999,72284,0.0
25.67466068,26-06-2018,-1,19,441283515.2,3544519.526,57.0,-1,8127279.982000003,72259,0.0
24.17244512,25-06-2018,23334,19,415416125.8,1450474.461,57.0,-1,11705100.52,72258,0.0
25.84897323,24-06-2018,-1,19,444184842.2,2751895.734,57.0,-1,8893216.745,72247,0.0
26.42704098,23-06-2018,23328,23,454065086.5,5077252.662,57.0,-1,11438931.83,72235,0.0
31.44651527,22-06-2018,23331,23,540249908.8,2047091.137,57.0,-1,10243678.04,72216,0.0
31.43220583,21-06-2018,-1,22,539946316.4,3822211.176,57.0,-1,11631150.91,72189,0.0
32.95913916,20-06-2018,-1,20,566112307.6,6651275.0660000015,57.0,-1,9720035.789,72208,0.0
31.90197855,19-06-2018,23324,21,547892908.9,8046281.534,57.0,-1,12512338.72,72242,0.0
31.72299729,18-06-2018,-1,19,544754005.9,5959161.79,57.0,-1,8194936.787,72245,0.0
32.50172335,17-06-2018,23324,16,558058200.4,11237972.64,57.0,-1,9020800.326,72218,0.0
32.32573709,16-06-2018,23323,12,554967400.6,5527382.414,57.0,-1,10150647.55,72212,0.0
34.28539911,15-06-2018,23318,12,588549541.2,4795718.989,57.0,-1,12514503.46,72248,0.0
32.78159727,14-06-2018,23316,12,562668616.4,5806731.415,57.0,-1,11436448.38,72242,0.0
34.57651573,13-06-2018,-1,12,593414648.2,11116664.1,57.0,-1,12599924.65,72243,0.0
37.23417646,12-06-2018,-1,12,638957032.5,11188517.76,57.0,-1,11393597.5,72273,0.0
36.25147969,11-06-2018,23300,12,622021869.4,1928303.026,57.0,-1,17105055.59,72270,0.0
42.85159263,10-06-2018,23277,12,735166147.9,4612568.395,57.0,-1,10029387.2,72226,0.0
43.48242669,09-06-2018,23257,11,745914879.0,2575895.369,57.0,-1,12641232.45,72228,0.0
44.63022437,08-06-2018,-1,9,765522649.9,4167520.99,57.0,-1,10385191.94,72195,0.0
44.83222437,07-06-2018,-1,8,768905648.5,2773378.72,57.0,-1,11961691.08,71621,0.0
45.47724299,06-06-2018,-1,7,779880080.4,3100282.811,57.0,-1,13510931.18,71557,0.0
44.12814638,05-06-2018,-1,6,756660851.0,1553835.365,57.0,-1,16124629.64,71508,0.0
46.34123642,04-06-2018,23133,5,794518695.2,4324130.18,57.0,-1,15728642.51,71495,0.0
45.13289869,03-06-2018,23101,5,773719424.4,2338424.009,57.0,-1,12095702.76,71444,0.0
43.91380476,02-06-2018,-1,5,752729759.0,1635661.02,57.0,-1,12336149.06,71395,0.0
44.35284495,01-06-2018,-1,5,760157803.0,3247414.324,57.0,-1,15136488.48,71352,0.0
42.01514085,31-05-2018,23003,5,720010258.3,5939059.132,57.0,-1,11403903.24,71343,0.0
43.19238667,30-05-2018,-1,5,735200764.6,1794787.718,57.0,-1,13227022.83,71286,0.0
40.40716154,29-05-2018,-1,5,687791954.8,2657084.6980000003,57.0,-1,10643183.15,71253,0.0
44.22995177,28-05-2018,-1,5,752861716.4,1925727.788,57.0,-1,9065810.992,71222,0.0
44.37909051,27-05-2018,-1,5,755400286.8,879393.8319,57.0,-1,10239863.14,71157,0.0
45.19837116,26-05-2018,22903,1,769345701.9,4029328.04,57.0,-1,9919712.812,71098,0.0
47.12342723,25-05-2018,-1,1,802113113.0,6707306.222,57.0,-1,14483233.91,71057,0.0
45.45388674,24-05-2018,-1,1,773694969.4,1811154.732,57.0,-1,15791094.22,71050,0.0
50.67326905,23-05-2018,-1,1,862510928.6,1941732.759,57.0,-1,10912514.48,71092,0.0
53.74409621,22-05-2018,-1,0,914659272.2,1871708.616,57.0,-1,11988670.25,71076,0.0
55.77014119,21-05-2018,-1,0,949022311.6,1933676.092,57.0,-1,13356767.93,71092,0.0
52.91032523,20-05-2018,22750,0,900251247.3,2703580.523,57.0,-1,12932242.33,71084,0.0
54.10484542,19-05-2018,-1,0,920469449.6,2461110.2630000003,57.0,-1,20912873.76,71172,0.0
53.48530637,18-05-2018,-1,0,909828437.9,7308845.745,57.0,-1,20689855.08,71196,0.0
60.42370411,17-05-2018,-1,0,1027752765.0,6571729.622,57.0,-1,20714654.63,71196,0.0
58.41851807,16-05-2018,-1,0,993508314.4,5900785.027000003,57.0,-1,33443041.45,71226,0.0
58.75275695,15-05-2018,-1,0,999084698.0,24326338.2,57.0,-1,22037081.86,71191,0.0
59.95889167,14-05-2018,-1,0,1019461489.0,5657432.734,57.0,-1,15961497.09,71121,0.0
57.39375988,13-05-2018,22588,0,975741899.2,4531986.398,57.0,-1,22498946.96,71084,0.0
56.98902678,12-05-2018,22572,0,968739996.4,7127434.201,57.0,-1,34324542.19,71018,0.0
64.70782609,11-05-2018,-1,0,1099795178.0,8581407.883,57.0,-1,20308044.3,70974,0.0
69.91539473,10-05-2018,22525,0,1188165710.0,6360530.984,57.0,-1,24568155.83,70932,0.0
71.60219558,09-05-2018,22506,0,1216684986.0,7499966.929,57.0,-1,23548310.59,70899,0.0
73.29243394,08-05-2018,-1,0,1245273193.0,4374085.181,57.0,-1,26469169.72,70821,0.0
78.19865093,07-05-2018,22438,0,1328472777.0,5199916.652,57.0,-1,67912341.5,70716,0.0
80.74801008,06-05-2018,-1,0,1371607824.0,10477080.69,57.0,-1,61863662.6,70623,0.0
75.05039765,05-05-2018,-1,0,1274669012.0,18410425.82,57.0,-1,26684432.21,70492,0.0
77.20716896,04-05-2018,22362,-1,1311140713.0,22051080.86,57.0,-1,17789786.53,70407,0.0
75.45736425,03-05-2018,-1,0,1281275402.0,8913433.298,57.0,-1,33565329.69,70247,0.0
71.2590612,02-05-2018,-1,0,1209839833.0,5685485.028,57.0,-1,20356703.34,70175,0.0
73.25937881,01-05-2018,22242,0,1243648358.0,4796424.7239999985,57.0,-1,24467031.91,70094,0.0
78.0485272,30-04-2018,-1,-1,1324792657.0,7970656.732999999,57.0,-1,47558018.62,70016,0.0
77.10391322,29-04-2018,-1,-1,1308591115.0,8664928.678,57.0,-1,24167801.8,69948,0.0
73.58081862,28-04-2018,-1,-1,1248638826.0,5404136.8610000005,57.0,-1,30803956.19,69883,0.0
78.98206621,27-04-2018,-1,-1,1340132078.0,8103561.642999997,57.0,-1,48960718.64,69827,0.0
71.04608792,26-04-2018,-1,0,1205333186.0,7172413.154,57.0,-1,90185251.61,69754,0.0
84.77531834,25-04-2018,-1,0,1438076448.0,12902862.4,57.0,-1,145999114.1,69700,0.0
77.79188109,24-04-2018,22045,0,1319463957.0,28074437.73,57.0,-1,116509810.7,69588,0.0
65.70393508,23-04-2018,-1,0,1114304967.0,16421045.06,57.0,-1,25453515.58,69414,0.0
66.76218898,22-04-2018,-1,0,1132131436.0,4058437.688,57.0,-1,49713088.94,69321,0.0
68.91899324,21-04-2018,21922,0,1168547306.0,8199135.665,57.0,-1,64844244.64,69253,0.0
59.88169332,20-04-2018,-1,0,1015204228.0,6447755.874,57.0,-1,38245771.93,69121,0.0
55.0038373,19-04-2018,21853,-1,932404368.5,4493704.202,57.0,-1,27472301.14,69031,0.0
51.04141277,18-04-2018,21816,0,865120607.1,11130010.54,57.0,-1,21455562.69,68956,0.0
52.76649538,17-04-2018,21778,0,894256170.2,5921799.9810000025,57.0,-1,64878801.19,68890,0.0
48.430332,16-04-2018,21775,0,820675512.9,5059074.353999998,57.0,-1,13741457.25,68826,0.0
45.05911508,15-04-2018,21729,0,763450059.4,2459927.042,57.0,-1,10117763.54,68739,0.0
44.85761336,14-04-2018,21692,0,759949604.7,1623909.625,57.0,-1,21813925.3,68658,0.0
46.02920534,13-04-2018,21663,0,779696718.4,4825282.643999998,57.0,-1,31733731.12,68577,0.0
42.03184039,12-04-2018,21662,0,711902695.8,12023379.87,57.0,-1,13244073.71,68516,0.0
40.88920357,11-04-2018,21647,0,692482132.8,4954175.108,57.0,-1,7539661.499,68422,0.0
41.18952578,10-04-2018,21605,-1,697475585.4,3023291.313,57.0,-1,8642415.524,68348,0.0
41.98101031,09-04-2018,21599,1,710792492.1,5503139.807,57.0,-1,4855814.337,68344,0.0
41.30102023,08-04-2018,21577,3,699191621.0,2332763.019,57.0,-1,5745571.135,68262,0.0
39.77753291,07-04-2018,21544,4,673329176.3,2120209.324,57.0,-1,7802593.855,68293,0.0
41.86171511,06-04-2018,21555,4,708524640.3,4995257.24,57.0,-1,15770196.98,68280,0.0
42.52497474,05-04-2018,21540,4,719651168.2,3801008.548,57.0,-1,11451423.94,68243,0.0
47.34274665,04-04-2018,21480,13,801084769.7,6408100.036,57.0,-1,21423019.7,68222,0.0
42.93787507,03-04-2018,21485,13,726477115.1,2986724.994,57.0,-1,8465814.335,68183,0.0
41.25049582,02-04-2018,21390,26,697832534.1,2215542.032,57.0,-1,8705887.882000001,68156,0.0
44.20368388,01-04-2018,21320,26,747704163.5,8930536.301,57.0,-1,6828538.857999999,68079,0.0
44.64907158,31-03-2018,21280,26,755150819.2,4507824.575,57.0,-1,13994635.4,68121,0.0
45.72789598,30-03-2018,21246,26,773289541.6,2425738.917,57.0,-1,16469255.57,68087,0.0
52.99048679,29-03-2018,21210,26,896007450.6,12585604.53,57.0,-1,14257467.14,68043,0.0
52.77127320000001,28-03-2018,-1,27,892178796.9,8735555.042000001,57.0,-1,14761543.46,67932,0.0
56.5385788,27-03-2018,21153,27,955763416.1,13276003.76,57.0,-1,20990425.13,67848,0.0
60.63794441,26-03-2018,21146,27,1024946438.0,11104904.26,57.0,-1,19404023.95,67775,0.0
60.78576876,25-03-2018,21091,27,1027315112.0,5984373.38,57.0,-1,22863983.25,67669,0.0
58.67760289,24-03-2018,21092,27,991567814.6,23053616.83,57.0,-1,19634818.75,67576,0.0
61.24464496,23-03-2018,21045,27,1034824676.0,51327841.95,57.0,-1,19440279.38,67483,0.0
65.12089171,22-03-2018,-1,27,1100199492.0,59882121.83,57.0,-1,26704724.87,67396,0.0
65.42130747,21-03-2018,20948,27,1105139184.0,61212497.8,57.0,-1,37023605.41,67253,0.0
67.51364253,20-03-2018,-1,27,1140339112.0,38768904.14,57.0,-1,37038907.36,67296,0.0
57.36755056,19-03-2018,20933,27,968797321.1,35865535.94,57.0,-1,21046180.84,67194,0.0
59.49071863,18-03-2018,20934,27,1004604060.0,12057740.02,57.0,-1,17092689.62,67126,0.0
64.00263787,17-03-2018,20881,27,1080678844.0,24159876.28,57.0,-1,23435366.95,67135,0.0
64.93793626,16-03-2018,-1,27,1096354386.0,87677126.61,57.0,-1,26888202.72,67065,0.0
66.82576812,15-03-2018,20797,27,1128088197.0,50532550.09,57.0,-1,17756557.98,66954,0.0
78.63440937,14-03-2018,-1,27,1327258322.0,33414903.27,57.0,-1,10453504.29,66894,0.0
80.84203425,13-03-2018,20696,15,1364350721.0,6092203.409,57.0,-1,10219961.42,-1,0.0
84.22849924,12-03-2018,20657,4,1421343206.0,6822620.204,57.0,-1,9073463.233,-1,0.0
79.70425484,11-03-2018,20603,2,1344855790.0,2891065.9910000013,57.0,-1,10671405.42,-1,0.0
84.34137189,10-03-2018,20558,2,1422917887.0,3651845.532,57.0,-1,16179824.69,-1,0.0
87.50571882,09-03-2018,20509,2,1476109819.0,4154607.447,57.0,-1,12760685.67,-1,0.0
91.44177093,08-03-2018,20487,2,1542325398.0,5728708.131,57.0,-1,17780204.91,-1,0.0
102.4057478,07-03-2018,20432,3,1727052352.0,7020426.797,57.0,-1,13665154.94,-1,0.0
109.5304231,06-03-2018,20395,3,1846952488.0,6963080.1510000015,57.0,-1,13070935.83,-1,0.0
109.9270186,05-03-2018,20336,1,1853450440.0,5526763.485,57.0,-1,11590930.52,-1,0.0
110.6462278,04-03-2018,20291,1,1865318256.0,4227475.374,57.0,-1,14509658.65,-1,0.0
113.4344783,03-03-2018,20261,1,1912105334.0,6422272.592,57.0,-1,25240644.61,-1,0.0
112.7216336,02-03-2018,20252,1,1899899012.0,9147419.044,57.0,-1,9132717.438,-1,0.0
112.0809922,01-03-2018,-1,1,1888818133.0,7514346.393999997,57.0,-1,15067874.14,-1,0.0
121.4754331,28-02-2018,20226,1,2046941343.0,12299222.05,57.0,-1,28067972.81,66318,0.0
117.9953205,27-02-2018,20209,1,1988036605.0,11095808.68,57.0,-1,16467890.08,66197,0.0
111.1737456,26-02-2018,20203,1,1872842480.0,5821612.2179999985,57.0,-1,7237747.607999999,66103,0.0
112.3854604,25-02-2018,20177,1,1893107681.0,6353023.6779999975,57.0,-1,7979736.969,66003,0.0
130.0724744,24-02-2018,20159,14,2190641461.0,5566097.764,57.0,-1,36113013.21,65937,0.0
121.4924197,23-02-2018,-1,14,2046020308.0,4779687.765,57.0,-1,32180458.44,65993,0.0
125.9279815,22-02-2018,20132,14,2120729336.0,20009750.21,57.0,-1,33401583.14,65923,0.0
141.14343390000005,21-02-2018,20130,14,2376438913.0,5989137.914,57.0,-1,38493438.19,65743,0.0
143.7272782,20-02-2018,20113,14,2419625158.0,102609476.9,57.0,-1,32716233.71,65694,0.0
130.2390547,19-02-2018,20070,17,2192247064.0,5436696.654,57.0,-1,46407594.99,65607,0.0
147.3942914,18-02-2018,20053,18,2480761776.0,6236259.123,57.0,-1,37662090.4,65513,0.0
140.0137036,17-02-2018,20046,18,2355917622.0,5052173.495,57.0,-1,53033615.27,65428,0.0
141.3559418,16-02-2018,20029,18,2378502573.0,7624994.847999997,57.0,-1,39383458.11,65300,0.0
142.58268180000005,15-02-2018,20012,18,2398855381.0,5952310.139,57.0,-1,61644874.76,65190,0.0
123.8378333,14-02-2018,19959,18,2083275696.0,7203486.194,57.0,-1,65305491.28,65117,0.0
128.98439720000002,13-02-2018,20210,18,2169604497.0,7007474.747,57.0,-1,25228277.17,64998,0.0
105.28892659999998,12-02-2018,-1,18,1770818764.0,5444196.321,57.0,-1,33553704.72,64927,0.0
113.0797534,11-02-2018,20247,18,1901612572.0,5083897.612,57.0,-1,51471800.86,64830,0.0
125.3268705,10-02-2018,20242,18,2107327338.0,11888987.2,57.0,-1,28896524.5,64751,0.0
103.30331590000002,09-02-2018,20235,18,1736823051.0,15301034.79,57.0,-1,59703851.02,64655,0.0
84.52262009,08-02-2018,20234,15,1420894890.0,14724166.32,57.0,-1,28699359.22,64552,0.0
91.01006036,07-02-2018,20219,14,1529790289.0,13290672.33,57.0,-1,39817964.89,64480,0.0
82.84927018,06-02-2018,20217,14,1392443459.0,15271092.43,57.0,-1,26420312.14,64419,0.0
101.0772314,05-02-2018,20209,14,1698591350.0,7781633.677999997,57.0,-1,46520911.95,64390,0.0
110.2202986,04-02-2018,-1,14,1852038401.0,6663731.527000003,57.0,-1,35664428.57,64315,0.0
108.248219,03-02-2018,20205,14,1818684930.0,6525105.912000001,57.0,-1,71183216.61,64194,0.0
125.9238015,02-02-2018,20194,16,2115401623.0,13244216.09,57.0,-1,39684203.25,64137,0.0
154.4697484,01-02-2018,20164,21,2594668680.0,17371268.78,57.0,-1,43385520.73,64039,0.0
155.9260704,31-01-2018,20157,30,2618821076.0,18342592.13,57.0,-1,36475482.82,63906,0.0
179.570372,30-01-2018,20142,32,3015603550.0,24737089.09,57.0,-1,38601278.88,63749,0.0
179.6806342,29-01-2018,20126,33,3017459724.0,16619254.45,57.0,-1,37532807.85,63578,0.0
187.9814297,28-01-2018,20118,34,3156501644.0,16421726.75,57.0,-1,102855578.6,63364,0.0
177.0158161,27-01-2018,20106,22,2971922785.0,9674724.629,57.0,-1,40977423.54,63172,0.0
177.1950947,26-01-2018,20101,22,2974693485.0,17462180.39,57.0,-1,67117766.12,63004,0.0
184.98195880000003,25-01-2018,20092,22,3105060730.0,12707781.28,57.0,-1,48787227.87,62823,0.0
191.6997079,24-01-2018,20076,22,3217478121.0,14076692.76,57.0,-1,53274001.44,62654,0.0
189.6240377,23-01-2018,20070,26,3182277427.0,28442296.85,57.0,-1,79561295.79,62478,0.0
203.8892681,22-01-2018,20054,27,3421294745.0,21122279.44,57.0,-1,146290742.7,62249,0.0
209.7765958,21-01-2018,20060,29,3519673469.0,14102862.18,57.0,-1,144648005.4,61999,0.0
250.7554682,20-01-2018,15029,29,4206736173.0,15904938.31,57.0,-1,196411166.3,61734,0.0
245.6590786,19-01-2018,15003,31,4120737218.0,23960731.39,57.0,-1,434278511.5,61405,0.0
202.598004,18-01-2018,14982,31,3398072186.0,16263092.0,57.0,-1,195739464.4,60946,0.0
199.111244,17-01-2018,14968,63,3339197307.0,20647214.69,57.0,-1,268827753.2,60723,0.0
198.7276819,16-01-2018,14930,63,3332384808.0,35790698.77,57.0,-1,321501900.9,60562,0.0
305.6060328000001,15-01-2018,14764,-1,5124023312.0,46352417.7,57.0,-1,909790919.2,58064,0.0
329.8105273,14-01-2018,14689,-1,5529252382.0,68707033.05,57.0,-1,833465324.1,56646,0.0
378.6999215,13-01-2018,14614,-1,6348094145.0,68539952.57,57.0,-1,1114156417.0,54967,0.0
262.752795,12-01-2018,14555,-1,4403913940.0,30392497.18,57.0,-1,108894923.2,53710,0.0
233.0897414,11-01-2018,14515,-1,3906321606.0,31655694.74,57.0,-1,118462983.1,53178,0.0
261.1341377,10-01-2018,14487,-1,4375814562.0,59548130.84,57.0,-1,125854000.6,52790,0.0
274.43151760000006,09-01-2018,14459,-1,4598096235.0,107487887.6,57.0,-1,149032144.8,52406,0.0
280.9285057,08-01-2018,14420,-1,4706444137.0,102747253.8,57.0,-1,159988249.5,51973,0.0
305.642174,07-01-2018,14391,-1,5119819392.0,247837823.1,57.0,-1,199624049.9,51492,0.0
304.6998975,06-01-2018,14341,-1,5103490493.0,38153543.55,57.0,-1,165244465.3,51023,0.0
281.4318786,05-01-2018,14309,-1,4713237890.0,46486279.12,57.0,-1,167797255.8,50603,0.0
278.779874,04-01-2018,14244,-1,4668339325.0,40731205.11,57.0,-1,131885820.4,50166,0.0
270.5519047,03-01-2018,14187,-1,4530036139.0,45414798.3,57.0,-1,99942127.24,49826,0.0
276.9931612,02-01-2018,14141,52,4637394853.0,40337142.05,57.0,-1,110345124.1,49459,0.0
276.2431775,01-01-2018,14098,47,4624317421.0,35292823.24,57.0,-1,138092011.1,49155,0.0
268.9710839,31-12-2017,14062,-1,4502091527.0,17855149.0,57.0,-1,66963202.18,48912,0.0
260.5969518,30-12-2017,14023,47,4361454563.0,34127563.42,57.0,-1,81095909.65,48630,0.0
283.7604046,29-12-2017,13972,46,4748623677.0,26076137.71,57.0,-1,110515878.8,48221,0.0
289.66553,28-12-2017,13934,47,4846893366.0,20955026.03,57.0,-1,114665189.7,47924,0.0
324.725825,27-12-2017,13891,47,5432906271.0,21244118.61,57.0,-1,122510374.6,47500,0.0
313.1536667,26-12-2017,13850,47,5238731719.0,40524066.23,57.0,-1,103658162.4,47195,0.0
309.3508648,25-12-2017,13812,46,5174550274.0,36918191.7,57.0,-1,97310721.58,46847,0.0
304.2077694,24-12-2017,13758,51,5087935480.0,32023898.31,57.0,-1,136917111.1,46515,0.0
337.2393567,23-12-2017,13729,51,5639737735.0,24849461.55,57.0,-1,199564764.2,46093,0.0
311.9365696000001,22-12-2017,13697,49,5216019586.0,68963091.76,57.0,-1,298533699.2,45782,0.0
406.2188953,21-12-2017,13637,49,6791852377.0,90157070.29,57.0,-1,340090736.3,45340,0.0
456.2462432,20-12-2017,13575,17,7627427058.0,103296322.4,57.0,-1,966416653.8,44590,0.0
349.6782529,19-12-2017,13479,19,5845195100.0,63804275.48,57.0,-1,398229845.5,43952,0.0
319.2682442,18-12-2017,13337,21,5336233150.0,82578933.88,57.0,-1,289848460.6,43437,0.0
301.0732127,17-12-2017,13195,18,5031591530.0,47914271.59,57.0,-1,113910155.2,42891,0.0
297.9277362,16-12-2017,13053,18,4978483896.0,38936554.91,57.0,-1,125448749.9,42381,0.0
299.5314279,15-12-2017,12899,18,5004709181.0,67012034.86,57.0,-1,156507387.7,41935,0.0
318.1359557,14-12-2017,12739,19,5314917983.0,83366695.79,57.0,-1,448126204.6,41470,0.0
272.7110675,13-12-2017,12574,21,4555580022.0,42682825.92,57.0,-1,209994780.1,40984,0.0
277.4078503,12-12-2017,12411,22,4633543045.0,49244534.63,57.0,-1,189917586.8,40555,0.0
259.7879679,11-12-2017,12264,22,4338747689.0,67200687.18,57.0,-1,253842818.9,40005,0.0
229.9784588,10-12-2017,12085,31,3840447310.0,43517020.92,57.0,-1,130153029.3,39570,0.0
245.014322,09-12-2017,11922,39,4091114147.0,59834527.95,57.0,-1,86069135.8,39259,0.0
263.6651934,08-12-2017,11743,44,4402031729.0,54898807.37,57.0,-1,167115429.5,38906,0.0
263.9786075,07-12-2017,11582,45,4406822180.0,67049160.38,57.0,-1,105347799.4,38588,0.0
275.1090898,06-12-2017,11446,49,4592055176.0,64456602.45,57.0,-1,43214102.68,38199,0.0
286.3839689,05-12-2017,11364,51,4779848390.0,82706400.07,57.0,-1,46396871.71,37877,0.0
312.8972469,04-12-2017,11295,52,5221777570.0,76501978.87,57.0,-1,43095985.47,37589,0.0
305.2400145000001,03-12-2017,-1,52,5093448246.0,69541577.22,57.0,-1,81365537.85,-1,0.0
288.9594874,02-12-2017,11118,53,4821219986.0,77035807.63,57.0,-1,37342215.96,36937,0.0
302.1267314,01-12-2017,11018,52,5040364852.0,92683380.14,57.0,-1,53733782.54,36660,0.0
292.67512410000006,30-11-2017,10908,60,4882120769.0,66298824.01,57.0,-1,54709469.1,36410,0.0
286.6749861,29-11-2017,10794,77,4781476748.0,114335610.1,57.0,-1,99172381.57,36110,0.0
338.5147486,28-11-2017,10654,86,5645448038.0,119806036.2,57.0,-1,83014762.72,35705,0.0
362.8892227,27-11-2017,10529,128,6051290648.0,175266768.2,57.0,-1,108666430.7,35310,0.0
348.34472650000015,26-11-2017,10357,128,5808099323.0,145975313.7,57.0,-1,119668853.5,34741,0.0
363.4393964,25-11-2017,10200,132,6059102066.0,162185695.6,57.0,-1,184020498.9,34172,0.0
396.0015248,24-11-2017,10039,135,23457546.32,239888000.2,57.0,-1,493266795.3,33643,0.0
292.2552838,23-11-2017,9885,138,17305896.63,66492052.65,57.0,-1,143524676.3,32989,0.0
239.2805204,22-11-2017,9718,142,14156314.15,166634699.3,57.0,-1,44956092.02,32417,0.0
256.3384415,21-11-2017,9524,147,15155497.68,173878732.4,57.0,-1,147153076.2,31594,0.0
187.4041137,20-11-2017,9336,146,11070898.01,68331897.27,57.0,-1,73844937.98,30787,0.0
121.4110658,19-11-2017,9211,147,7171266.014,13834166.61,57.0,-1,12768392.33,30553,0.0
139.3281757,18-11-2017,9122,149,8227607.431,13832488.71,57.0,-1,14730775.87,-1,0.0
137.6486,17-11-2017,9034,152,8125809.802,15343376.65,57.0,-1,16788385.0,30049,0.0
123.9298842,16-11-2017,8936,156,7314217.834,10027698.12,57.0,-1,12068009.67,29754,0.0
158.2397797,15-11-2017,8771,155,9336938.2,-1.0,57.0,-1,29030110.38,29417,0.0
167.4469355,14-11-2017,8638,-1,9879871.537,-1.0,57.0,-1,27862039.8,-1,0.0
251.9461078,13-11-2017,8443,167,14865324.25,-1.0,57.0,-1,43378113.56,-1,0.0
279.57768589999995,12-11-2017,7854,163,16354735.47,-1.0,57.0,-1,79554233.24,26436,0.0
433.6636221,11-11-2017,7504,-1,25368454.57,-1.0,57.0,-1,198983816.3,25507,0.0
215.4281427,10-11-2017,7333,-1,12602115.49,-1.0,57.0,-1,38723683.35,25007,0.0
154.73844340000005,09-11-2017,7207,-1,9051889.461,-1.0,57.0,-1,12681892.98,24641,0.0
138.6859925,08-11-2017,7105,-1,8112853.187999999,-1.0,57.0,-1,11952278.18,24401,0.0
0.0,07-11-2017,0,0,0.0,0.0,0.0,0,0.0,0,0.0
0.0,06-11-2017,0,0,0.0,0.0,0.0,0,0.0,0,0.0
0.0,05-11-2017,0,0,0.0,0.0,0.0,0,0.0,0,0.0
0.0,04-11-2017,0,0,0.0,0.0,0.0,0,0.0,0,0.0
0.0,03-11-2017,0,0,0.0,0.0,0.0,0,0.0,0,0.0
0.0,02-11-2017,0,0,0.0,0.0,0.0,0,0.0,0,0.0
0.0,01-11-2017,0,0,0.0,0.0,0.0,0,0.0,0,0.0
0.0,31-10-2017,0,0,0.0,0.0,0.0,0,0.0,0,0.0
0.0,30-10-2017,0,0,0.0,0.0,0.0,0,0.0,0,0.0
0.0,29-10-2017,0,0,0.0,0.0,0.0,0,0.0,0,0.0
0.0,28-10-2017,0,0,0.0,0.0,0.0,0,0.0,0,0.0
0.0,27-10-2017,0,0,0.0,0.0,0.0,0,0.0,0,0.0
0.0,26-10-2017,0,0,0.0,0.0,0.0,0,0.0,0,0.0
0.0,25-10-2017,0,0,0.0,0.0,0.0,0,0.0,0,0.0
0.0,24-10-2017,0,0,0.0,0.0,0.0,0,0.0,0,0.0
0.0,23-10-2017,0,0,0.0,0.0,0.0,0,0.0,0,0.0
0.0,22-10-2017,0,0,0.0,0.0,0.0,0,0.0,0,0.0
0.0,21-10-2017,0,0,0.0,0.0,0.0,0,0.0,0,0.0
0.0,20-10-2017,0,0,0.0,0.0,0.0,0,0.0,0,0.0
0.0,19-10-2017,0,0,0.0,0.0,0.0,0,0.0,0,0.0
0.0,18-10-2017,0,0,0.0,0.0,0.0,0,0.0,0,0.0
0.0,17-10-2017,0,0,0.0,0.0,0.0,0,0.0,0,0.0
0.0,16-10-2017,0,0,0.0,0.0,0.0,0,0.0,0,0.0
0.0,15-10-2017,0,0,0.0,0.0,0.0,0,0.0,0,0.0
0.0,14-10-2017,0,0,0.0,0.0,0.0,0,0.0,0,0.0
0.0,13-10-2017,0,0,0.0,0.0,0.0,0,0.0,0,0.0
0.0,12-10-2017,0,0,0.0,0.0,0.0,0,0.0,0,0.0
0.0,11-10-2017,0,0,0.0,0.0,0.0,0,0.0,0,0.0
0.0,10-10-2017,0,0,0.0,0.0,0.0,0,0.0,0,0.0
0.0,09-10-2017,0,0,0.0,0.0,0.0,0,0.0,0,0.0
0.0,08-10-2017,0,0,0.0,0.0,0.0,0,0.0,0,0.0
0.0,07-10-2017,0,0,0.0,0.0,0.0,0,0.0,0,0.0
0.0,06-10-2017,0,0,0.0,0.0,0.0,0,0.0,0,0.0
0.0,05-10-2017,0,0,0.0,0.0,0.0,0,0.0,0,0.0
0.0,04-10-2017,0,0,0.0,0.0,0.0,0,0.0,0,0.0
0.0,03-10-2017,0,0,0.0,0.0,0.0,0,0.0,0,0.0
0.0,02-10-2017,0,0,0.0,0.0,0.0,0,0.0,0,0.0
0.0,01-10-2017,0,0,0.0,0.0,0.0,0,0.0,0,0.0
0.0,30-09-2017,0,0,0.0,0.0,0.0,0,0.0,0,0.0
0.0,29-09-2017,0,0,0.0,0.0,0.0,0,0.0,0,0.0
0.0,28-09-2017,0,0,0.0,0.0,0.0,0,0.0,0,0.0
0.0,27-09-2017,0,0,0.0,0.0,0.0,0,0.0,0,0.0
0.0,26-09-2017,0,0,0.0,0.0,0.0,0,0.0,0,0.0
0.0,25-09-2017,0,0,0.0,0.0,0.0,0,0.0,0,0.0
0.0,24-09-2017,0,0,0.0,0.0,0.0,0,0.0,0,0.0
0.0,23-09-2017,0,0,0.0,0.0,0.0,0,0.0,0,0.0
0.0,22-09-2017,0,0,0.0,0.0,0.0,0,0.0,0,0.0
0.0,21-09-2017,0,0,0.0,0.0,0.0,0,0.0,0,0.0
0.0,20-09-2017,0,0,0.0,0.0,0.0,0,0.0,0,0.0
0.0,19-09-2017,0,0,0.0,0.0,0.0,0,0.0,0,0.0
0.0,18-09-2017,0,0,0.0,0.0,0.0,0,0.0,0,0.0
0.0,17-09-2017,0,0,0.0,0.0,0.0,0,0.0,0,0.0
0.0,16-09-2017,0,0,0.0,0.0,0.0,0,0.0,0,0.0
0.0,15-09-2017,0,0,0.0,0.0,0.0,0,0.0,0,0.0
0.0,14-09-2017,0,0,0.0,0.0,0.0,0,0.0,0,0.0
0.0,13-09-2017,0,0,0.0,0.0,0.0,0,0.0,0,0.0
0.0,12-09-2017,0,0,0.0,0.0,0.0,0,0.0,0,0.0
0.0,11-09-2017,0,0,0.0,0.0,0.0,0,0.0,0,0.0
0.0,10-09-2017,0,0,0.0,0.0,0.0,0,0.0,0,0.0
0.0,09-09-2017,0,0,0.0,0.0,0.0,0,0.0,0,0.0
0.0,08-09-2017,0,0,0.0,0.0,0.0,0,0.0,0,0.0
0.0,07-09-2017,0,0,0.0,0.0,0.0,0,0.0,0,0.0
0.0,06-09-2017,0,0,0.0,0.0,0.0,0,0.0,0,0.0
0.0,05-09-2017,0,0,0.0,0.0,0.0,0,0.0,0,0.0
0.0,04-09-2017,0,0,0.0,0.0,0.0,0,0.0,0,0.0
0.0,03-09-2017,0,0,0.0,0.0,0.0,0,0.0,0,0.0
0.0,02-09-2017,0,0,0.0,0.0,0.0,0,0.0,0,0.0
0.0,01-09-2017,0,0,0.0,0.0,0.0,0,0.0,0,0.0
0.0,31-08-2017,0,0,0.0,0.0,0.0,0,0.0,0,0.0
0.0,30-08-2017,0,0,0.0,0.0,0.0,0,0.0,0,0.0
0.0,29-08-2017,0,0,0.0,0.0,0.0,0,0.0,0,0.0
0.0,28-08-2017,0,0,0.0,0.0,0.0,0,0.0,0,0.0
0.0,27-08-2017,0,0,0.0,0.0,0.0,0,0.0,0,0.0
0.0,26-08-2017,0,0,0.0,0.0,0.0,0,0.0,0,0.0
0.0,25-08-2017,0,0,0.0,0.0,0.0,0,0.0,0,0.0
0.0,24-08-2017,0,0,0.0,0.0,0.0,0,0.0,0,0.0
0.0,23-08-2017,0,0,0.0,0.0,0.0,0,0.0,0,0.0
0.0,22-08-2017,0,0,0.0,0.0,0.0,0,0.0,0,0.0
0.0,21-08-2017,0,0,0.0,0.0,0.0,0,0.0,0,0.0
0.0,20-08-2017,0,0,0.0,0.0,0.0,0,0.0,0,0.0
0.0,19-08-2017,0,0,0.0,0.0,0.0,0,0.0,0,0.0
0.0,18-08-2017,0,0,0.0,0.0,0.0,0,0.0,0,0.0
0.0,17-08-2017,0,0,0.0,0.0,0.0,0,0.0,0,0.0
0.0,16-08-2017,0,0,0.0,0.0,0.0,0,0.0,0,0.0
0.0,15-08-2017,0,0,0.0,0.0,0.0,0,0.0,0,0.0
0.0,14-08-2017,0,0,0.0,0.0,0.0,0,0.0,0,0.0
0.0,13-08-2017,0,0,0.0,0.0,0.0,0,0.0,0,0.0
0.0,12-08-2017,0,0,0.0,0.0,0.0,0,0.0,0,0.0
0.0,11-08-2017,0,0,0.0,0.0,0.0,0,0.0,0,0.0
0.0,10-08-2017,0,0,0.0,0.0,0.0,0,0.0,0,0.0
0.0,09-08-2017,0,0,0.0,0.0,0.0,0,0.0,0,0.0
0.0,08-08-2017,0,0,0.0,0.0,0.0,0,0.0,0,0.0
0.0,07-08-2017,0,0,0.0,0.0,0.0,0,0.0,0,0.0
0.0,06-08-2017,0,0,0.0,0.0,0.0,0,0.0,0,0.0
0.0,05-08-2017,0,0,0.0,0.0,0.0,0,0.0,0,0.0
0.0,04-08-2017,0,0,0.0,0.0,0.0,0,0.0,0,0.0
0.0,03-08-2017,0,0,0.0,0.0,0.0,0,0.0,0,0.0
0.0,02-08-2017,0,0,0.0,0.0,0.0,0,0.0,0,0.0
0.0,01-08-2017,0,0,0.0,0.0,0.0,0,0.0,0,0.0
0.0,31-07-2017,0,0,0.0,0.0,0.0,0,0.0,0,0.0
0.0,30-07-2017,0,0,0.0,0.0,0.0,0,0.0,0,0.0
0.0,29-07-2017,0,0,0.0,0.0,0.0,0,0.0,0,0.0
0.0,28-07-2017,0,0,0.0,0.0,0.0,0,0.0,0,0.0
0.0,27-07-2017,0,0,0.0,0.0,0.0,0,0.0,0,0.0
0.0,26-07-2017,0,0,0.0,0.0,0.0,0,0.0,0,0.0
0.0,25-07-2017,0,0,0.0,0.0,0.0,0,0.0,0,0.0
0.0,24-07-2017,0,0,0.0,0.0,0.0,0,0.0,0,0.0
0.0,23-07-2017,0,0,0.0,0.0,0.0,0,0.0,0,0.0
0.0,22-07-2017,0,0,0.0,0.0,0.0,0,0.0,0,0.0
0.0,21-07-2017,0,0,0.0,0.0,0.0,0,0.0,0,0.0
0.0,20-07-2017,0,0,0.0,0.0,0.0,0,0.0,0,0.0
0.0,19-07-2017,0,0,0.0,0.0,0.0,0,0.0,0,0.0
0.0,18-07-2017,0,0,0.0,0.0,0.0,0,0.0,0,0.0
0.0,17-07-2017,0,0,0.0,0.0,0.0,0,0.0,0,0.0
0.0,16-07-2017,0,0,0.0,0.0,0.0,0,0.0,0,0.0
0.0,15-07-2017,0,0,0.0,0.0,0.0,0,0.0,0,0.0
0.0,14-07-2017,0,0,0.0,0.0,0.0,0,0.0,0,0.0
0.0,13-07-2017,0,0,0.0,0.0,0.0,0,0.0,0,0.0
0.0,12-07-2017,0,0,0.0,0.0,0.0,0,0.0,0,0.0
0.0,11-07-2017,0,0,0.0,0.0,0.0,0,0.0,0,0.0
0.0,10-07-2017,0,0,0.0,0.0,0.0,0,0.0,0,0.0
0.0,09-07-2017,0,0,0.0,0.0,0.0,0,0.0,0,0.0
0.0,08-07-2017,0,0,0.0,0.0,0.0,0,0.0,0,0.0
0.0,07-07-2017,0,0,0.0,0.0,0.0,0,0.0,0,0.0
0.0,06-07-2017,0,0,0.0,0.0,0.0,0,0.0,0,0.0
0.0,05-07-2017,0,0,0.0,0.0,0.0,0,0.0,0,0.0
0.0,04-07-2017,0,0,0.0,0.0,0.0,0,0.0,0,0.0
0.0,03-07-2017,0,0,0.0,0.0,0.0,0,0.0,0,0.0
0.0,02-07-2017,0,0,0.0,0.0,0.0,0,0.0,0,0.0
0.0,01-07-2017,0,0,0.0,0.0,0.0,0,0.0,0,0.0
0.0,30-06-2017,0,0,0.0,0.0,0.0,0,0.0,0,0.0
0.0,29-06-2017,0,0,0.0,0.0,0.0,0,0.0,0,0.0
0.0,28-06-2017,0,0,0.0,0.0,0.0,0,0.0,0,0.0
0.0,27-06-2017,0,0,0.0,0.0,0.0,0,0.0,0,0.0
0.0,26-06-2017,0,0,0.0,0.0,0.0,0,0.0,0,0.0
0.0,25-06-2017,0,0,0.0,0.0,0.0,0,0.0,0,0.0
0.0,24-06-2017,0,0,0.0,0.0,0.0,0,0.0,0,0.0
0.0,23-06-2017,0,0,0.0,0.0,0.0,0,0.0,0,0.0
0.0,22-06-2017,0,0,0.0,0.0,0.0,0,0.0,0,0.0
0.0,21-06-2017,0,0,0.0,0.0,0.0,0,0.0,0,0.0
0.0,20-06-2017,0,0,0.0,0.0,0.0,0,0.0,0,0.0
0.0,19-06-2017,0,0,0.0,0.0,0.0,0,0.0,0,0.0
0.0,18-06-2017,0,0,0.0,0.0,0.0,0,0.0,0,0.0
0.0,17-06-2017,0,0,0.0,0.0,0.0,0,0.0,0,0.0
0.0,16-06-2017,0,0,0.0,0.0,0.0,0,0.0,0,0.0
0.0,15-06-2017,0,0,0.0,0.0,0.0,0,0.0,0,0.0
0.0,14-06-2017,0,0,0.0,0.0,0.0,0,0.0,0,0.0
0.0,13-06-2017,0,0,0.0,0.0,0.0,0,0.0,0,0.0
0.0,12-06-2017,0,0,0.0,0.0,0.0,0,0.0,0,0.0
0.0,11-06-2017,0,0,0.0,0.0,0.0,0,0.0,0,0.0
0.0,10-06-2017,0,0,0.0,0.0,0.0,0,0.0,0,0.0
0.0,09-06-2017,0,0,0.0,0.0,0.0,0,0.0,0,0.0
0.0,08-06-2017,0,0,0.0,0.0,0.0,0,0.0,0,0.0
0.0,07-06-2017,0,0,0.0,0.0,0.0,0,0.0,0,0.0
0.0,06-06-2017,0,0,0.0,0.0,0.0,0,0.0,0,0.0
0.0,05-06-2017,0,0,0.0,0.0,0.0,0,0.0,0,0.0
0.0,04-06-2017,0,0,0.0,0.0,0.0,0,0.0,0,0.0
0.0,03-06-2017,0,0,0.0,0.0,0.0,0,0.0,0,0.0
0.0,02-06-2017,0,0,0.0,0.0,0.0,0,0.0,0,0.0
0.0,01-06-2017,0,0,0.0,0.0,0.0,0,0.0,0,0.0
0.0,31-05-2017,0,0,0.0,0.0,0.0,0,0.0,0,0.0
0.0,30-05-2017,0,0,0.0,0.0,0.0,0,0.0,0,0.0
0.0,29-05-2017,0,0,0.0,0.0,0.0,0,0.0,0,0.0
0.0,28-05-2017,0,0,0.0,0.0,0.0,0,0.0,0,0.0
0.0,27-05-2017,0,0,0.0,0.0,0.0,0,0.0,0,0.0
0.0,26-05-2017,0,0,0.0,0.0,0.0,0,0.0,0,0.0
0.0,25-05-2017,0,0,0.0,0.0,0.0,0,0.0,0,0.0
0.0,24-05-2017,0,0,0.0,0.0,0.0,0,0.0,0,0.0
0.0,23-05-2017,0,0,0.0,0.0,0.0,0,0.0,0,0.0
0.0,22-05-2017,0,0,0.0,0.0,0.0,0,0.0,0,0.0
0.0,21-05-2017,0,0,0.0,0.0,0.0,0,0.0,0,0.0
0.0,20-05-2017,0,0,0.0,0.0,0.0,0,0.0,0,0.0
0.0,19-05-2017,0,0,0.0,0.0,0.0,0,0.0,0,0.0
0.0,18-05-2017,0,0,0.0,0.0,0.0,0,0.0,0,0.0
0.0,17-05-2017,0,0,0.0,0.0,0.0,0,0.0,0,0.0
0.0,16-05-2017,0,0,0.0,0.0,0.0,0,0.0,0,0.0
0.0,15-05-2017,0,0,0.0,0.0,0.0,0,0.0,0,0.0
0.0,14-05-2017,0,0,0.0,0.0,0.0,0,0.0,0,0.0
0.0,13-05-2017,0,0,0.0,0.0,0.0,0,0.0,0,0.0
0.0,12-05-2017,0,0,0.0,0.0,0.0,0,0.0,0,0.0
0.0,11-05-2017,0,0,0.0,0.0,0.0,0,0.0,0,0.0
0.0,10-05-2017,0,0,0.0,0.0,0.0,0,0.0,0,0.0
0.0,09-05-2017,0,0,0.0,0.0,0.0,0,0.0,0,0.0
0.0,08-05-2017,0,0,0.0,0.0,0.0,0,0.0,0,0.0
0.0,07-05-2017,0,0,0.0,0.0,0.0,0,0.0,0,0.0
0.0,06-05-2017,0,0,0.0,0.0,0.0,0,0.0,0,0.0
0.0,05-05-2017,0,0,0.0,0.0,0.0,0,0.0,0,0.0
0.0,04-05-2017,0,0,0.0,0.0,0.0,0,0.0,0,0.0
0.0,03-05-2017,0,0,0.0,0.0,0.0,0,0.0,0,0.0
0.0,02-05-2017,0,0,0.0,0.0,0.0,0,0.0,0,0.0
0.0,01-05-2017,0,0,0.0,0.0,0.0,0,0.0,0,0.0
0.0,30-04-2017,0,0,0.0,0.0,0.0,0,0.0,0,0.0
0.0,29-04-2017,0,0,0.0,0.0,0.0,0,0.0,0,0.0
0.0,28-04-2017,0,0,0.0,0.0,0.0,0,0.0,0,0.0
0.0,27-04-2017,0,0,0.0,0.0,0.0,0,0.0,0,0.0
0.0,26-04-2017,0,0,0.0,0.0,0.0,0,0.0,0,0.0
0.0,25-04-2017,0,0,0.0,0.0,0.0,0,0.0,0,0.0
0.0,24-04-2017,0,0,0.0,0.0,0.0,0,0.0,0,0.0
0.0,23-04-2017,0,0,0.0,0.0,0.0,0,0.0,0,0.0
0.0,22-04-2017,0,0,0.0,0.0,0.0,0,0.0,0,0.0
0.0,21-04-2017,0,0,0.0,0.0,0.0,0,0.0,0,0.0
0.0,20-04-2017,0,0,0.0,0.0,0.0,0,0.0,0,0.0
0.0,19-04-2017,0,0,0.0,0.0,0.0,0,0.0,0,0.0
0.0,18-04-2017,0,0,0.0,0.0,0.0,0,0.0,0,0.0
0.0,17-04-2017,0,0,0.0,0.0,0.0,0,0.0,0,0.0
0.0,16-04-2017,0,0,0.0,0.0,0.0,0,0.0,0,0.0
0.0,15-04-2017,0,0,0.0,0.0,0.0,0,0.0,0,0.0
0.0,14-04-2017,0,0,0.0,0.0,0.0,0,0.0,0,0.0
0.0,13-04-2017,0,0,0.0,0.0,0.0,0,0.0,0,0.0
0.0,12-04-2017,0,0,0.0,0.0,0.0,0,0.0,0,0.0
0.0,11-04-2017,0,0,0.0,0.0,0.0,0,0.0,0,0.0
0.0,10-04-2017,0,0,0.0,0.0,0.0,0,0.0,0,0.0
0.0,09-04-2017,0,0,0.0,0.0,0.0,0,0.0,0,0.0
0.0,08-04-2017,0,0,0.0,0.0,0.0,0,0.0,0,0.0
0.0,07-04-2017,0,0,0.0,0.0,0.0,0,0.0,0,0.0
0.0,06-04-2017,0,0,0.0,0.0,0.0,0,0.0,0,0.0
0.0,05-04-2017,0,0,0.0,0.0,0.0,0,0.0,0,0.0
0.0,04-04-2017,0,0,0.0,0.0,0.0,0,0.0,0,0.0
0.0,03-04-2017,0,0,0.0,0.0,0.0,0,0.0,0,0.0
0.0,02-04-2017,0,0,0.0,0.0,0.0,0,0.0,0,0.0
0.0,01-04-2017,0,0,0.0,0.0,0.0,0,0.0,0,0.0
0.0,31-03-2017,0,0,0.0,0.0,0.0,0,0.0,0,0.0
0.0,30-03-2017,0,0,0.0,0.0,0.0,0,0.0,0,0.0
0.0,29-03-2017,0,0,0.0,0.0,0.0,0,0.0,0,0.0
0.0,28-03-2017,0,0,0.0,0.0,0.0,0,0.0,0,0.0
0.0,27-03-2017,0,0,0.0,0.0,0.0,0,0.0,0,0.0
0.0,26-03-2017,0,0,0.0,0.0,0.0,0,0.0,0,0.0
0.0,25-03-2017,0,0,0.0,0.0,0.0,0,0.0,0,0.0
0.0,24-03-2017,0,0,0.0,0.0,0.0,0,0.0,0,0.0
0.0,23-03-2017,0,0,0.0,0.0,0.0,0,0.0,0,0.0
0.0,22-03-2017,0,0,0.0,0.0,0.0,0,0.0,0,0.0
0.0,21-03-2017,0,0,0.0,0.0,0.0,0,0.0,0,0.0
0.0,20-03-2017,0,0,0.0,0.0,0.0,0,0.0,0,0.0
0.0,19-03-2017,0,0,0.0,0.0,0.0,0,0.0,0,0.0
0.0,18-03-2017,0,0,0.0,0.0,0.0,0,0.0,0,0.0
0.0,17-03-2017,0,0,0.0,0.0,0.0,0,0.0,0,0.0
0.0,16-03-2017,0,0,0.0,0.0,0.0,0,0.0,0,0.0
0.0,15-03-2017,0,0,0.0,0.0,0.0,0,0.0,0,0.0
0.0,14-03-2017,0,0,0.0,0.0,0.0,0,0.0,0,0.0
0.0,13-03-2017,0,0,0.0,0.0,0.0,0,0.0,0,0.0
0.0,12-03-2017,0,0,0.0,0.0,0.0,0,0.0,0,0.0
0.0,11-03-2017,0,0,0.0,0.0,0.0,0,0.0,0,0.0
0.0,10-03-2017,0,0,0.0,0.0,0.0,0,0.0,0,0.0
0.0,09-03-2017,0,0,0.0,0.0,0.0,0,0.0,0,0.0
0.0,08-03-2017,0,0,0.0,0.0,0.0,0,0.0,0,0.0
0.0,07-03-2017,0,0,0.0,0.0,0.0,0,0.0,0,0.0
0.0,06-03-2017,0,0,0.0,0.0,0.0,0,0.0,0,0.0
0.0,05-03-2017,0,0,0.0,0.0,0.0,0,0.0,0,0.0
0.0,04-03-2017,0,0,0.0,0.0,0.0,0,0.0,0,0.0
0.0,03-03-2017,0,0,0.0,0.0,0.0,0,0.0,0,0.0
0.0,02-03-2017,0,0,0.0,0.0,0.0,0,0.0,0,0.0
0.0,01-03-2017,0,0,0.0,0.0,0.0,0,0.0,0,0.0
0.0,28-02-2017,0,0,0.0,0.0,0.0,0,0.0,0,0.0
0.0,27-02-2017,0,0,0.0,0.0,0.0,0,0.0,0,0.0
0.0,26-02-2017,0,0,0.0,0.0,0.0,0,0.0,0,0.0
0.0,25-02-2017,0,0,0.0,0.0,0.0,0,0.0,0,0.0
0.0,24-02-2017,0,0,0.0,0.0,0.0,0,0.0,0,0.0
0.0,23-02-2017,0,0,0.0,0.0,0.0,0,0.0,0,0.0
0.0,22-02-2017,0,0,0.0,0.0,0.0,0,0.0,0,0.0
0.0,21-02-2017,0,0,0.0,0.0,0.0,0,0.0,0,0.0
0.0,20-02-2017,0,0,0.0,0.0,0.0,0,0.0,0,0.0
0.0,19-02-2017,0,0,0.0,0.0,0.0,0,0.0,0,0.0
0.0,18-02-2017,0,0,0.0,0.0,0.0,0,0.0,0,0.0
0.0,17-02-2017,0,0,0.0,0.0,0.0,0,0.0,0,0.0
0.0,16-02-2017,0,0,0.0,0.0,0.0,0,0.0,0,0.0
0.0,15-02-2017,0,0,0.0,0.0,0.0,0,0.0,0,0.0
0.0,14-02-2017,0,0,0.0,0.0,0.0,0,0.0,0,0.0
0.0,13-02-2017,0,0,0.0,0.0,0.0,0,0.0,0,0.0
0.0,12-02-2017,0,0,0.0,0.0,0.0,0,0.0,0,0.0
0.0,11-02-2017,0,0,0.0,0.0,0.0,0,0.0,0,0.0
0.0,10-02-2017,0,0,0.0,0.0,0.0,0,0.0,0,0.0
0.0,09-02-2017,0,0,0.0,0.0,0.0,0,0.0,0,0.0
0.0,08-02-2017,0,0,0.0,0.0,0.0,0,0.0,0,0.0
0.0,07-02-2017,0,0,0.0,0.0,0.0,0,0.0,0,0.0
0.0,06-02-2017,0,0,0.0,0.0,0.0,0,0.0,0,0.0
0.0,05-02-2017,0,0,0.0,0.0,0.0,0,0.0,0,0.0
0.0,04-02-2017,0,0,0.0,0.0,0.0,0,0.0,0,0.0
0.0,03-02-2017,0,0,0.0,0.0,0.0,0,0.0,0,0.0
0.0,02-02-2017,0,0,0.0,0.0,0.0,0,0.0,0,0.0
0.0,01-02-2017,0,0,0.0,0.0,0.0,0,0.0,0,0.0
0.0,31-01-2017,0,0,0.0,0.0,0.0,0,0.0,0,0.0
0.0,30-01-2017,0,0,0.0,0.0,0.0,0,0.0,0,0.0
0.0,29-01-2017,0,0,0.0,0.0,0.0,0,0.0,0,0.0
0.0,28-01-2017,0,0,0.0,0.0,0.0,0,0.0,0,0.0
0.0,27-01-2017,0,0,0.0,0.0,0.0,0,0.0,0,0.0
0.0,26-01-2017,0,0,0.0,0.0,0.0,0,0.0,0,0.0
0.0,25-01-2017,0,0,0.0,0.0,0.0,0,0.0,0,0.0
0.0,24-01-2017,0,0,0.0,0.0,0.0,0,0.0,0,0.0
0.0,23-01-2017,0,0,0.0,0.0,0.0,0,0.0,0,0.0
0.0,22-01-2017,0,0,0.0,0.0,0.0,0,0.0,0,0.0
0.0,21-01-2017,0,0,0.0,0.0,0.0,0,0.0,0,0.0
0.0,20-01-2017,0,0,0.0,0.0,0.0,0,0.0,0,0.0
0.0,19-01-2017,0,0,0.0,0.0,0.0,0,0.0,0,0.0
0.0,18-01-2017,0,0,0.0,0.0,0.0,0,0.0,0,0.0
0.0,17-01-2017,0,0,0.0,0.0,0.0,0,0.0,0,0.0
0.0,16-01-2017,0,0,0.0,0.0,0.0,0,0.0,0,0.0
0.0,15-01-2017,0,0,0.0,0.0,0.0,0,0.0,0,0.0
0.0,14-01-2017,0,0,0.0,0.0,0.0,0,0.0,0,0.0
0.0,13-01-2017,0,0,0.0,0.0,0.0,0,0.0,0,0.0
0.0,12-01-2017,0,0,0.0,0.0,0.0,0,0.0,0,0.0
0.0,11-01-2017,0,0,0.0,0.0,0.0,0,0.0,0,0.0
0.0,10-01-2017,0,0,0.0,0.0,0.0,0,0.0,0,0.0
0.0,09-01-2017,0,0,0.0,0.0,0.0,0,0.0,0,0.0
0.0,08-01-2017,0,0,0.0,0.0,0.0,0,0.0,0,0.0
0.0,07-01-2017,0,0,0.0,0.0,0.0,0,0.0,0,0.0
0.0,06-01-2017,0,0,0.0,0.0,0.0,0,0.0,0,0.0
0.0,05-01-2017,0,0,0.0,0.0,0.0,0,0.0,0,0.0
0.0,04-01-2017,0,0,0.0,0.0,0.0,0,0.0,0,0.0
0.0,03-01-2017,0,0,0.0,0.0,0.0,0,0.0,0,0.0
0.0,02-01-2017,0,0,0.0,0.0,0.0,0,0.0,0,0.0
0.0,01-01-2017,0,0,0.0,0.0,0.0,0,0.0,0,0.0
0.0,31-12-2016,0,0,0.0,0.0,0.0,0,0.0,0,0.0
0.0,30-12-2016,0,0,0.0,0.0,0.0,0,0.0,0,0.0
0.0,29-12-2016,0,0,0.0,0.0,0.0,0,0.0,0,0.0
0.0,28-12-2016,0,0,0.0,0.0,0.0,0,0.0,0,0.0
0.0,27-12-2016,0,0,0.0,0.0,0.0,0,0.0,0,0.0
0.0,26-12-2016,0,0,0.0,0.0,0.0,0,0.0,0,0.0
0.0,25-12-2016,0,0,0.0,0.0,0.0,0,0.0,0,0.0
0.0,24-12-2016,0,0,0.0,0.0,0.0,0,0.0,0,0.0
0.0,23-12-2016,0,0,0.0,0.0,0.0,0,0.0,0,0.0
0.0,22-12-2016,0,0,0.0,0.0,0.0,0,0.0,0,0.0
0.0,21-12-2016,0,0,0.0,0.0,0.0,0,0.0,0,0.0
0.0,20-12-2016,0,0,0.0,0.0,0.0,0,0.0,0,0.0
0.0,19-12-2016,0,0,0.0,0.0,0.0,0,0.0,0,0.0
0.0,18-12-2016,0,0,0.0,0.0,0.0,0,0.0,0,0.0
0.0,17-12-2016,0,0,0.0,0.0,0.0,0,0.0,0,0.0
0.0,16-12-2016,0,0,0.0,0.0,0.0,0,0.0,0,0.0
0.0,15-12-2016,0,0,0.0,0.0,0.0,0,0.0,0,0.0
0.0,14-12-2016,0,0,0.0,0.0,0.0,0,0.0,0,0.0
0.0,13-12-2016,0,0,0.0,0.0,0.0,0,0.0,0,0.0
0.0,12-12-2016,0,0,0.0,0.0,0.0,0,0.0,0,0.0
0.0,11-12-2016,0,0,0.0,0.0,0.0,0,0.0,0,0.0
0.0,10-12-2016,0,0,0.0,0.0,0.0,0,0.0,0,0.0
0.0,09-12-2016,0,0,0.0,0.0,0.0,0,0.0,0,0.0
0.0,08-12-2016,0,0,0.0,0.0,0.0,0,0.0,0,0.0
0.0,07-12-2016,0,0,0.0,0.0,0.0,0,0.0,0,0.0
0.0,06-12-2016,0,0,0.0,0.0,0.0,0,0.0,0,0.0
0.0,05-12-2016,0,0,0.0,0.0,0.0,0,0.0,0,0.0
0.0,04-12-2016,0,0,0.0,0.0,0.0,0,0.0,0,0.0
0.0,03-12-2016,0,0,0.0,0.0,0.0,0,0.0,0,0.0
0.0,02-12-2016,0,0,0.0,0.0,0.0,0,0.0,0,0.0
0.0,01-12-2016,0,0,0.0,0.0,0.0,0,0.0,0,0.0
0.0,30-11-2016,0,0,0.0,0.0,0.0,0,0.0,0,0.0
0.0,29-11-2016,0,0,0.0,0.0,0.0,0,0.0,0,0.0
0.0,28-11-2016,0,0,0.0,0.0,0.0,0,0.0,0,0.0
0.0,27-11-2016,0,0,0.0,0.0,0.0,0,0.0,0,0.0
0.0,26-11-2016,0,0,0.0,0.0,0.0,0,0.0,0,0.0
0.0,25-11-2016,0,0,0.0,0.0,0.0,0,0.0,0,0.0
0.0,24-11-2016,0,0,0.0,0.0,0.0,0,0.0,0,0.0
0.0,23-11-2016,0,0,0.0,0.0,0.0,0,0.0,0,0.0
0.0,22-11-2016,0,0,0.0,0.0,0.0,0,0.0,0,0.0
0.0,21-11-2016,0,0,0.0,0.0,0.0,0,0.0,0,0.0
0.0,20-11-2016,0,0,0.0,0.0,0.0,0,0.0,0,0.0
0.0,19-11-2016,0,0,0.0,0.0,0.0,0,0.0,0,0.0
0.0,18-11-2016,0,0,0.0,0.0,0.0,0,0.0,0,0.0
0.0,17-11-2016,0,0,0.0,0.0,0.0,0,0.0,0,0.0
0.0,16-11-2016,0,0,0.0,0.0,0.0,0,0.0,0,0.0
0.0,15-11-2016,0,0,0.0,0.0,0.0,0,0.0,0,0.0
0.0,14-11-2016,0,0,0.0,0.0,0.0,0,0.0,0,0.0
0.0,13-11-2016,0,0,0.0,0.0,0.0,0,0.0,0,0.0
0.0,12-11-2016,0,0,0.0,0.0,0.0,0,0.0,0,0.0
0.0,11-11-2016,0,0,0.0,0.0,0.0,0,0.0,0,0.0
0.0,10-11-2016,0,0,0.0,0.0,0.0,0,0.0,0,0.0
0.0,09-11-2016,0,0,0.0,0.0,0.0,0,0.0,0,0.0
0.0,08-11-2016,0,0,0.0,0.0,0.0,0,0.0,0,0.0
0.0,07-11-2016,0,0,0.0,0.0,0.0,0,0.0,0,0.0
0.0,06-11-2016,0,0,0.0,0.0,0.0,0,0.0,0,0.0
0.0,05-11-2016,0,0,0.0,0.0,0.0,0,0.0,0,0.0
0.0,04-11-2016,0,0,0.0,0.0,0.0,0,0.0,0,0.0
0.0,03-11-2016,0,0,0.0,0.0,0.0,0,0.0,0,0.0
0.0,02-11-2016,0,0,0.0,0.0,0.0,0,0.0,0,0.0
0.0,01-11-2016,0,0,0.0,0.0,0.0,0,0.0,0,0.0
0.0,31-10-2016,0,0,0.0,0.0,0.0,0,0.0,0,0.0
0.0,30-10-2016,0,0,0.0,0.0,0.0,0,0.0,0,0.0
0.0,29-10-2016,0,0,0.0,0.0,0.0,0,0.0,0,0.0
0.0,28-10-2016,0,0,0.0,0.0,0.0,0,0.0,0,0.0
0.0,27-10-2016,0,0,0.0,0.0,0.0,0,0.0,0,0.0
0.0,26-10-2016,0,0,0.0,0.0,0.0,0,0.0,0,0.0
0.0,25-10-2016,0,0,0.0,0.0,0.0,0,0.0,0,0.0
0.0,24-10-2016,0,0,0.0,0.0,0.0,0,0.0,0,0.0
0.0,23-10-2016,0,0,0.0,0.0,0.0,0,0.0,0,0.0
0.0,22-10-2016,0,0,0.0,0.0,0.0,0,0.0,0,0.0
0.0,21-10-2016,0,0,0.0,0.0,0.0,0,0.0,0,0.0
0.0,20-10-2016,0,0,0.0,0.0,0.0,0,0.0,0,0.0
0.0,19-10-2016,0,0,0.0,0.0,0.0,0,0.0,0,0.0
0.0,18-10-2016,0,0,0.0,0.0,0.0,0,0.0,0,0.0
0.0,17-10-2016,0,0,0.0,0.0,0.0,0,0.0,0,0.0
0.0,16-10-2016,0,0,0.0,0.0,0.0,0,0.0,0,0.0
0.0,15-10-2016,0,0,0.0,0.0,0.0,0,0.0,0,0.0
0.0,14-10-2016,0,0,0.0,0.0,0.0,0,0.0,0,0.0
0.0,13-10-2016,0,0,0.0,0.0,0.0,0,0.0,0,0.0
0.0,12-10-2016,0,0,0.0,0.0,0.0,0,0.0,0,0.0
0.0,11-10-2016,0,0,0.0,0.0,0.0,0,0.0,0,0.0
0.0,10-10-2016,0,0,0.0,0.0,0.0,0,0.0,0,0.0
0.0,09-10-2016,0,0,0.0,0.0,0.0,0,0.0,0,0.0
0.0,08-10-2016,0,0,0.0,0.0,0.0,0,0.0,0,0.0
0.0,07-10-2016,0,0,0.0,0.0,0.0,0,0.0,0,0.0
0.0,06-10-2016,0,0,0.0,0.0,0.0,0,0.0,0,0.0
0.0,05-10-2016,0,0,0.0,0.0,0.0,0,0.0,0,0.0
0.0,04-10-2016,0,0,0.0,0.0,0.0,0,0.0,0,0.0
0.0,03-10-2016,0,0,0.0,0.0,0.0,0,0.0,0,0.0
0.0,02-10-2016,0,0,0.0,0.0,0.0,0,0.0,0,0.0
0.0,01-10-2016,0,0,0.0,0.0,0.0,0,0.0,0,0.0
0.0,30-09-2016,0,0,0.0,0.0,0.0,0,0.0,0,0.0
0.0,29-09-2016,0,0,0.0,0.0,0.0,0,0.0,0,0.0
0.0,28-09-2016,0,0,0.0,0.0,0.0,0,0.0,0,0.0
0.0,27-09-2016,0,0,0.0,0.0,0.0,0,0.0,0,0.0
0.0,26-09-2016,0,0,0.0,0.0,0.0,0,0.0,0,0.0
0.0,25-09-2016,0,0,0.0,0.0,0.0,0,0.0,0,0.0
0.0,24-09-2016,0,0,0.0,0.0,0.0,0,0.0,0,0.0
0.0,23-09-2016,0,0,0.0,0.0,0.0,0,0.0,0,0.0
0.0,22-09-2016,0,0,0.0,0.0,0.0,0,0.0,0,0.0
0.0,21-09-2016,0,0,0.0,0.0,0.0,0,0.0,0,0.0
0.0,20-09-2016,0,0,0.0,0.0,0.0,0,0.0,0,0.0
0.0,19-09-2016,0,0,0.0,0.0,0.0,0,0.0,0,0.0
0.0,18-09-2016,0,0,0.0,0.0,0.0,0,0.0,0,0.0
0.0,17-09-2016,0,0,0.0,0.0,0.0,0,0.0,0,0.0
0.0,16-09-2016,0,0,0.0,0.0,0.0,0,0.0,0,0.0
0.0,15-09-2016,0,0,0.0,0.0,0.0,0,0.0,0,0.0
0.0,14-09-2016,0,0,0.0,0.0,0.0,0,0.0,0,0.0
0.0,13-09-2016,0,0,0.0,0.0,0.0,0,0.0,0,0.0
0.0,12-09-2016,0,0,0.0,0.0,0.0,0,0.0,0,0.0
0.0,11-09-2016,0,0,0.0,0.0,0.0,0,0.0,0,0.0
0.0,10-09-2016,0,0,0.0,0.0,0.0,0,0.0,0,0.0
0.0,09-09-2016,0,0,0.0,0.0,0.0,0,0.0,0,0.0
0.0,08-09-2016,0,0,0.0,0.0,0.0,0,0.0,0,0.0
0.0,07-09-2016,0,0,0.0,0.0,0.0,0,0.0,0,0.0
0.0,06-09-2016,0,0,0.0,0.0,0.0,0,0.0,0,0.0
0.0,05-09-2016,0,0,0.0,0.0,0.0,0,0.0,0,0.0
0.0,04-09-2016,0,0,0.0,0.0,0.0,0,0.0,0,0.0
0.0,03-09-2016,0,0,0.0,0.0,0.0,0,0.0,0,0.0
0.0,02-09-2016,0,0,0.0,0.0,0.0,0,0.0,0,0.0
0.0,01-09-2016,0,0,0.0,0.0,0.0,0,0.0,0,0.0
0.0,31-08-2016,0,0,0.0,0.0,0.0,0,0.0,0,0.0
0.0,30-08-2016,0,0,0.0,0.0,0.0,0,0.0,0,0.0
0.0,29-08-2016,0,0,0.0,0.0,0.0,0,0.0,0,0.0
0.0,28-08-2016,0,0,0.0,0.0,0.0,0,0.0,0,0.0
0.0,27-08-2016,0,0,0.0,0.0,0.0,0,0.0,0,0.0
0.0,26-08-2016,0,0,0.0,0.0,0.0,0,0.0,0,0.0
0.0,25-08-2016,0,0,0.0,0.0,0.0,0,0.0,0,0.0
0.0,24-08-2016,0,0,0.0,0.0,0.0,0,0.0,0,0.0
0.0,23-08-2016,0,0,0.0,0.0,0.0,0,0.0,0,0.0
0.0,22-08-2016,0,0,0.0,0.0,0.0,0,0.0,0,0.0
0.0,21-08-2016,0,0,0.0,0.0,0.0,0,0.0,0,0.0
0.0,20-08-2016,0,0,0.0,0.0,0.0,0,0.0,0,0.0
0.0,19-08-2016,0,0,0.0,0.0,0.0,0,0.0,0,0.0
0.0,18-08-2016,0,0,0.0,0.0,0.0,0,0.0,0,0.0
0.0,17-08-2016,0,0,0.0,0.0,0.0,0,0.0,0,0.0
0.0,16-08-2016,0,0,0.0,0.0,0.0,0,0.0,0,0.0
0.0,15-08-2016,0,0,0.0,0.0,0.0,0,0.0,0,0.0
0.0,14-08-2016,0,0,0.0,0.0,0.0,0,0.0,0,0.0
0.0,13-08-2016,0,0,0.0,0.0,0.0,0,0.0,0,0.0
0.0,12-08-2016,0,0,0.0,0.0,0.0,0,0.0,0,0.0
0.0,11-08-2016,0,0,0.0,0.0,0.0,0,0.0,0,0.0
0.0,10-08-2016,0,0,0.0,0.0,0.0,0,0.0,0,0.0
0.0,09-08-2016,0,0,0.0,0.0,0.0,0,0.0,0,0.0
0.0,08-08-2016,0,0,0.0,0.0,0.0,0,0.0,0,0.0
0.0,07-08-2016,0,0,0.0,0.0,0.0,0,0.0,0,0.0
0.0,06-08-2016,0,0,0.0,0.0,0.0,0,0.0,0,0.0
0.0,05-08-2016,0,0,0.0,0.0,0.0,0,0.0,0,0.0
0.0,04-08-2016,0,0,0.0,0.0,0.0,0,0.0,0,0.0
0.0,03-08-2016,0,0,0.0,0.0,0.0,0,0.0,0,0.0
0.0,02-08-2016,0,0,0.0,0.0,0.0,0,0.0,0,0.0
0.0,01-08-2016,0,0,0.0,0.0,0.0,0,0.0,0,0.0
0.0,31-07-2016,0,0,0.0,0.0,0.0,0,0.0,0,0.0
0.0,30-07-2016,0,0,0.0,0.0,0.0,0,0.0,0,0.0
0.0,29-07-2016,0,0,0.0,0.0,0.0,0,0.0,0,0.0
0.0,28-07-2016,0,0,0.0,0.0,0.0,0,0.0,0,0.0
0.0,27-07-2016,0,0,0.0,0.0,0.0,0,0.0,0,0.0
0.0,26-07-2016,0,0,0.0,0.0,0.0,0,0.0,0,0.0
0.0,25-07-2016,0,0,0.0,0.0,0.0,0,0.0,0,0.0
0.0,24-07-2016,0,0,0.0,0.0,0.0,0,0.0,0,0.0
0.0,23-07-2016,0,0,0.0,0.0,0.0,0,0.0,0,0.0
0.0,22-07-2016,0,0,0.0,0.0,0.0,0,0.0,0,0.0
0.0,21-07-2016,0,0,0.0,0.0,0.0,0,0.0,0,0.0
0.0,20-07-2016,0,0,0.0,0.0,0.0,0,0.0,0,0.0
0.0,19-07-2016,0,0,0.0,0.0,0.0,0,0.0,0,0.0
0.0,18-07-2016,0,0,0.0,0.0,0.0,0,0.0,0,0.0
0.0,17-07-2016,0,0,0.0,0.0,0.0,0,0.0,0,0.0
0.0,16-07-2016,0,0,0.0,0.0,0.0,0,0.0,0,0.0
0.0,15-07-2016,0,0,0.0,0.0,0.0,0,0.0,0,0.0
0.0,14-07-2016,0,0,0.0,0.0,0.0,0,0.0,0,0.0
0.0,13-07-2016,0,0,0.0,0.0,0.0,0,0.0,0,0.0
0.0,12-07-2016,0,0,0.0,0.0,0.0,0,0.0,0,0.0
0.0,11-07-2016,0,0,0.0,0.0,0.0,0,0.0,0,0.0
0.0,10-07-2016,0,0,0.0,0.0,0.0,0,0.0,0,0.0
0.0,09-07-2016,0,0,0.0,0.0,0.0,0,0.0,0,0.0
0.0,08-07-2016,0,0,0.0,0.0,0.0,0,0.0,0,0.0
0.0,07-07-2016,0,0,0.0,0.0,0.0,0,0.0,0,0.0
0.0,06-07-2016,0,0,0.0,0.0,0.0,0,0.0,0,0.0
0.0,05-07-2016,0,0,0.0,0.0,0.0,0,0.0,0,0.0
0.0,04-07-2016,0,0,0.0,0.0,0.0,0,0.0,0,0.0
0.0,03-07-2016,0,0,0.0,0.0,0.0,0,0.0,0,0.0
0.0,02-07-2016,0,0,0.0,0.0,0.0,0,0.0,0,0.0
0.0,01-07-2016,0,0,0.0,0.0,0.0,0,0.0,0,0.0
0.0,30-06-2016,0,0,0.0,0.0,0.0,0,0.0,0,0.0
0.0,29-06-2016,0,0,0.0,0.0,0.0,0,0.0,0,0.0
0.0,28-06-2016,0,0,0.0,0.0,0.0,0,0.0,0,0.0
0.0,27-06-2016,0,0,0.0,0.0,0.0,0,0.0,0,0.0
0.0,26-06-2016,0,0,0.0,0.0,0.0,0,0.0,0,0.0
0.0,25-06-2016,0,0,0.0,0.0,0.0,0,0.0,0,0.0
0.0,24-06-2016,0,0,0.0,0.0,0.0,0,0.0,0,0.0
0.0,23-06-2016,0,0,0.0,0.0,0.0,0,0.0,0,0.0
0.0,22-06-2016,0,0,0.0,0.0,0.0,0,0.0,0,0.0
0.0,21-06-2016,0,0,0.0,0.0,0.0,0,0.0,0,0.0
0.0,20-06-2016,0,0,0.0,0.0,0.0,0,0.0,0,0.0
0.0,19-06-2016,0,0,0.0,0.0,0.0,0,0.0,0,0.0
0.0,18-06-2016,0,0,0.0,0.0,0.0,0,0.0,0,0.0
0.0,17-06-2016,0,0,0.0,0.0,0.0,0,0.0,0,0.0
0.0,16-06-2016,0,0,0.0,0.0,0.0,0,0.0,0,0.0
0.0,15-06-2016,0,0,0.0,0.0,0.0,0,0.0,0,0.0
0.0,14-06-2016,0,0,0.0,0.0,0.0,0,0.0,0,0.0
0.0,13-06-2016,0,0,0.0,0.0,0.0,0,0.0,0,0.0
0.0,12-06-2016,0,0,0.0,0.0,0.0,0,0.0,0,0.0
0.0,11-06-2016,0,0,0.0,0.0,0.0,0,0.0,0,0.0
0.0,10-06-2016,0,0,0.0,0.0,0.0,0,0.0,0,0.0
0.0,09-06-2016,0,0,0.0,0.0,0.0,0,0.0,0,0.0
0.0,08-06-2016,0,0,0.0,0.0,0.0,0,0.0,0,0.0
0.0,07-06-2016,0,0,0.0,0.0,0.0,0,0.0,0,0.0
0.0,06-06-2016,0,0,0.0,0.0,0.0,0,0.0,0,0.0
0.0,05-06-2016,0,0,0.0,0.0,0.0,0,0.0,0,0.0
0.0,04-06-2016,0,0,0.0,0.0,0.0,0,0.0,0,0.0
0.0,03-06-2016,0,0,0.0,0.0,0.0,0,0.0,0,0.0
0.0,02-06-2016,0,0,0.0,0.0,0.0,0,0.0,0,0.0
0.0,01-06-2016,0,0,0.0,0.0,0.0,0,0.0,0,0.0
0.0,31-05-2016,0,0,0.0,0.0,0.0,0,0.0,0,0.0
0.0,30-05-2016,0,0,0.0,0.0,0.0,0,0.0,0,0.0
0.0,29-05-2016,0,0,0.0,0.0,0.0,0,0.0,0,0.0
0.0,28-05-2016,0,0,0.0,0.0,0.0,0,0.0,0,0.0
0.0,27-05-2016,0,0,0.0,0.0,0.0,0,0.0,0,0.0
0.0,26-05-2016,0,0,0.0,0.0,0.0,0,0.0,0,0.0
0.0,25-05-2016,0,0,0.0,0.0,0.0,0,0.0,0,0.0
0.0,24-05-2016,0,0,0.0,0.0,0.0,0,0.0,0,0.0
0.0,23-05-2016,0,0,0.0,0.0,0.0,0,0.0,0,0.0
0.0,22-05-2016,0,0,0.0,0.0,0.0,0,0.0,0,0.0
0.0,21-05-2016,0,0,0.0,0.0,0.0,0,0.0,0,0.0
0.0,20-05-2016,0,0,0.0,0.0,0.0,0,0.0,0,0.0
0.0,19-05-2016,0,0,0.0,0.0,0.0,0,0.0,0,0.0
0.0,18-05-2016,0,0,0.0,0.0,0.0,0,0.0,0,0.0
0.0,17-05-2016,0,0,0.0,0.0,0.0,0,0.0,0,0.0
0.0,16-05-2016,0,0,0.0,0.0,0.0,0,0.0,0,0.0
0.0,15-05-2016,0,0,0.0,0.0,0.0,0,0.0,0,0.0
0.0,14-05-2016,0,0,0.0,0.0,0.0,0,0.0,0,0.0
0.0,13-05-2016,0,0,0.0,0.0,0.0,0,0.0,0,0.0
0.0,12-05-2016,0,0,0.0,0.0,0.0,0,0.0,0,0.0
0.0,11-05-2016,0,0,0.0,0.0,0.0,0,0.0,0,0.0
0.0,10-05-2016,0,0,0.0,0.0,0.0,0,0.0,0,0.0
0.0,09-05-2016,0,0,0.0,0.0,0.0,0,0.0,0,0.0
0.0,08-05-2016,0,0,0.0,0.0,0.0,0,0.0,0,0.0
0.0,07-05-2016,0,0,0.0,0.0,0.0,0,0.0,0,0.0
0.0,06-05-2016,0,0,0.0,0.0,0.0,0,0.0,0,0.0
0.0,05-05-2016,0,0,0.0,0.0,0.0,0,0.0,0,0.0
0.0,04-05-2016,0,0,0.0,0.0,0.0,0,0.0,0,0.0
0.0,03-05-2016,0,0,0.0,0.0,0.0,0,0.0,0,0.0
0.0,02-05-2016,0,0,0.0,0.0,0.0,0,0.0,0,0.0
0.0,01-05-2016,0,0,0.0,0.0,0.0,0,0.0,0,0.0
0.0,30-04-2016,0,0,0.0,0.0,0.0,0,0.0,0,0.0
0.0,29-04-2016,0,0,0.0,0.0,0.0,0,0.0,0,0.0
0.0,28-04-2016,0,0,0.0,0.0,0.0,0,0.0,0,0.0
0.0,27-04-2016,0,0,0.0,0.0,0.0,0,0.0,0,0.0
0.0,26-04-2016,0,0,0.0,0.0,0.0,0,0.0,0,0.0
0.0,25-04-2016,0,0,0.0,0.0,0.0,0,0.0,0,0.0
0.0,24-04-2016,0,0,0.0,0.0,0.0,0,0.0,0,0.0
0.0,23-04-2016,0,0,0.0,0.0,0.0,0,0.0,0,0.0
0.0,22-04-2016,0,0,0.0,0.0,0.0,0,0.0,0,0.0
0.0,21-04-2016,0,0,0.0,0.0,0.0,0,0.0,0,0.0
0.0,20-04-2016,0,0,0.0,0.0,0.0,0,0.0,0,0.0
0.0,19-04-2016,0,0,0.0,0.0,0.0,0,0.0,0,0.0
0.0,18-04-2016,0,0,0.0,0.0,0.0,0,0.0,0,0.0
0.0,17-04-2016,0,0,0.0,0.0,0.0,0,0.0,0,0.0
0.0,16-04-2016,0,0,0.0,0.0,0.0,0,0.0,0,0.0
0.0,15-04-2016,0,0,0.0,0.0,0.0,0,0.0,0,0.0
0.0,14-04-2016,0,0,0.0,0.0,0.0,0,0.0,0,0.0
0.0,13-04-2016,0,0,0.0,0.0,0.0,0,0.0,0,0.0
0.0,12-04-2016,0,0,0.0,0.0,0.0,0,0.0,0,0.0
0.0,11-04-2016,0,0,0.0,0.0,0.0,0,0.0,0,0.0
0.0,10-04-2016,0,0,0.0,0.0,0.0,0,0.0,0,0.0
0.0,09-04-2016,0,0,0.0,0.0,0.0,0,0.0,0,0.0
0.0,08-04-2016,0,0,0.0,0.0,0.0,0,0.0,0,0.0
0.0,07-04-2016,0,0,0.0,0.0,0.0,0,0.0,0,0.0
0.0,06-04-2016,0,0,0.0,0.0,0.0,0,0.0,0,0.0
0.0,05-04-2016,0,0,0.0,0.0,0.0,0,0.0,0,0.0
0.0,04-04-2016,0,0,0.0,0.0,0.0,0,0.0,0,0.0
0.0,03-04-2016,0,0,0.0,0.0,0.0,0,0.0,0,0.0
0.0,02-04-2016,0,0,0.0,0.0,0.0,0,0.0,0,0.0
0.0,01-04-2016,0,0,0.0,0.0,0.0,0,0.0,0,0.0
0.0,31-03-2016,0,0,0.0,0.0,0.0,0,0.0,0,0.0
0.0,30-03-2016,0,0,0.0,0.0,0.0,0,0.0,0,0.0
0.0,29-03-2016,0,0,0.0,0.0,0.0,0,0.0,0,0.0
0.0,28-03-2016,0,0,0.0,0.0,0.0,0,0.0,0,0.0
0.0,27-03-2016,0,0,0.0,0.0,0.0,0,0.0,0,0.0
0.0,26-03-2016,0,0,0.0,0.0,0.0,0,0.0,0,0.0
0.0,25-03-2016,0,0,0.0,0.0,0.0,0,0.0,0,0.0
0.0,24-03-2016,0,0,0.0,0.0,0.0,0,0.0,0,0.0
0.0,23-03-2016,0,0,0.0,0.0,0.0,0,0.0,0,0.0
0.0,22-03-2016,0,0,0.0,0.0,0.0,0,0.0,0,0.0
0.0,21-03-2016,0,0,0.0,0.0,0.0,0,0.0,0,0.0
0.0,20-03-2016,0,0,0.0,0.0,0.0,0,0.0,0,0.0
0.0,19-03-2016,0,0,0.0,0.0,0.0,0,0.0,0,0.0
0.0,18-03-2016,0,0,0.0,0.0,0.0,0,0.0,0,0.0
0.0,17-03-2016,0,0,0.0,0.0,0.0,0,0.0,0,0.0
0.0,16-03-2016,0,0,0.0,0.0,0.0,0,0.0,0,0.0
0.0,15-03-2016,0,0,0.0,0.0,0.0,0,0.0,0,0.0
0.0,14-03-2016,0,0,0.0,0.0,0.0,0,0.0,0,0.0
0.0,13-03-2016,0,0,0.0,0.0,0.0,0,0.0,0,0.0
0.0,12-03-2016,0,0,0.0,0.0,0.0,0,0.0,0,0.0
0.0,11-03-2016,0,0,0.0,0.0,0.0,0,0.0,0,0.0
0.0,10-03-2016,0,0,0.0,0.0,0.0,0,0.0,0,0.0
0.0,09-03-2016,0,0,0.0,0.0,0.0,0,0.0,0,0.0
0.0,08-03-2016,0,0,0.0,0.0,0.0,0,0.0,0,0.0
0.0,07-03-2016,0,0,0.0,0.0,0.0,0,0.0,0,0.0
0.0,06-03-2016,0,0,0.0,0.0,0.0,0,0.0,0,0.0
0.0,05-03-2016,0,0,0.0,0.0,0.0,0,0.0,0,0.0
0.0,04-03-2016,0,0,0.0,0.0,0.0,0,0.0,0,0.0
0.0,03-03-2016,0,0,0.0,0.0,0.0,0,0.0,0,0.0
0.0,02-03-2016,0,0,0.0,0.0,0.0,0,0.0,0,0.0
0.0,01-03-2016,0,0,0.0,0.0,0.0,0,0.0,0,0.0
0.0,29-02-2016,0,0,0.0,0.0,0.0,0,0.0,0,0.0
0.0,28-02-2016,0,0,0.0,0.0,0.0,0,0.0,0,0.0
0.0,27-02-2016,0,0,0.0,0.0,0.0,0,0.0,0,0.0
0.0,26-02-2016,0,0,0.0,0.0,0.0,0,0.0,0,0.0
0.0,25-02-2016,0,0,0.0,0.0,0.0,0,0.0,0,0.0
0.0,24-02-2016,0,0,0.0,0.0,0.0,0,0.0,0,0.0
0.0,23-02-2016,0,0,0.0,0.0,0.0,0,0.0,0,0.0
0.0,22-02-2016,0,0,0.0,0.0,0.0,0,0.0,0,0.0
0.0,21-02-2016,0,0,0.0,0.0,0.0,0,0.0,0,0.0
0.0,20-02-2016,0,0,0.0,0.0,0.0,0,0.0,0,0.0
0.0,19-02-2016,0,0,0.0,0.0,0.0,0,0.0,0,0.0
0.0,18-02-2016,0,0,0.0,0.0,0.0,0,0.0,0,0.0
0.0,17-02-2016,0,0,0.0,0.0,0.0,0,0.0,0,0.0
0.0,16-02-2016,0,0,0.0,0.0,0.0,0,0.0,0,0.0
0.0,15-02-2016,0,0,0.0,0.0,0.0,0,0.0,0,0.0
0.0,14-02-2016,0,0,0.0,0.0,0.0,0,0.0,0,0.0
0.0,13-02-2016,0,0,0.0,0.0,0.0,0,0.0,0,0.0
0.0,12-02-2016,0,0,0.0,0.0,0.0,0,0.0,0,0.0
0.0,11-02-2016,0,0,0.0,0.0,0.0,0,0.0,0,0.0
0.0,10-02-2016,0,0,0.0,0.0,0.0,0,0.0,0,0.0
0.0,09-02-2016,0,0,0.0,0.0,0.0,0,0.0,0,0.0
0.0,08-02-2016,0,0,0.0,0.0,0.0,0,0.0,0,0.0
0.0,07-02-2016,0,0,0.0,0.0,0.0,0,0.0,0,0.0
0.0,06-02-2016,0,0,0.0,0.0,0.0,0,0.0,0,0.0
0.0,05-02-2016,0,0,0.0,0.0,0.0,0,0.0,0,0.0
0.0,04-02-2016,0,0,0.0,0.0,0.0,0,0.0,0,0.0
0.0,03-02-2016,0,0,0.0,0.0,0.0,0,0.0,0,0.0
0.0,02-02-2016,0,0,0.0,0.0,0.0,0,0.0,0,0.0
0.0,01-02-2016,0,0,0.0,0.0,0.0,0,0.0,0,0.0
0.0,31-01-2016,0,0,0.0,0.0,0.0,0,0.0,0,0.0
0.0,30-01-2016,0,0,0.0,0.0,0.0,0,0.0,0,0.0
0.0,29-01-2016,0,0,0.0,0.0,0.0,0,0.0,0,0.0
0.0,28-01-2016,0,0,0.0,0.0,0.0,0,0.0,0,0.0
0.0,27-01-2016,0,0,0.0,0.0,0.0,0,0.0,0,0.0
0.0,26-01-2016,0,0,0.0,0.0,0.0,0,0.0,0,0.0
0.0,25-01-2016,0,0,0.0,0.0,0.0,0,0.0,0,0.0
0.0,24-01-2016,0,0,0.0,0.0,0.0,0,0.0,0,0.0
0.0,23-01-2016,0,0,0.0,0.0,0.0,0,0.0,0,0.0
0.0,22-01-2016,0,0,0.0,0.0,0.0,0,0.0,0,0.0
0.0,21-01-2016,0,0,0.0,0.0,0.0,0,0.0,0,0.0
0.0,20-01-2016,0,0,0.0,0.0,0.0,0,0.0,0,0.0
0.0,19-01-2016,0,0,0.0,0.0,0.0,0,0.0,0,0.0
0.0,18-01-2016,0,0,0.0,0.0,0.0,0,0.0,0,0.0
0.0,17-01-2016,0,0,0.0,0.0,0.0,0,0.0,0,0.0
0.0,16-01-2016,0,0,0.0,0.0,0.0,0,0.0,0,0.0
0.0,15-01-2016,0,0,0.0,0.0,0.0,0,0.0,0,0.0
0.0,14-01-2016,0,0,0.0,0.0,0.0,0,0.0,0,0.0
0.0,13-01-2016,0,0,0.0,0.0,0.0,0,0.0,0,0.0
0.0,12-01-2016,0,0,0.0,0.0,0.0,0,0.0,0,0.0
0.0,11-01-2016,0,0,0.0,0.0,0.0,0,0.0,0,0.0
0.0,10-01-2016,0,0,0.0,0.0,0.0,0,0.0,0,0.0
0.0,09-01-2016,0,0,0.0,0.0,0.0,0,0.0,0,0.0
0.0,08-01-2016,0,0,0.0,0.0,0.0,0,0.0,0,0.0
0.0,07-01-2016,0,0,0.0,0.0,0.0,0,0.0,0,0.0
0.0,06-01-2016,0,0,0.0,0.0,0.0,0,0.0,0,0.0
0.0,05-01-2016,0,0,0.0,0.0,0.0,0,0.0,0,0.0
0.0,04-01-2016,0,0,0.0,0.0,0.0,0,0.0,0,0.0
0.0,03-01-2016,0,0,0.0,0.0,0.0,0,0.0,0,0.0
0.0,02-01-2016,0,0,0.0,0.0,0.0,0,0.0,0,0.0
0.0,01-01-2016,0,0,0.0,0.0,0.0,0,0.0,0,0.0
0.0,31-12-2015,0,0,0.0,0.0,0.0,0,0.0,0,0.0
0.0,30-12-2015,0,0,0.0,0.0,0.0,0,0.0,0,0.0
0.0,29-12-2015,0,0,0.0,0.0,0.0,0,0.0,0,0.0
0.0,28-12-2015,0,0,0.0,0.0,0.0,0,0.0,0,0.0
0.0,27-12-2015,0,0,0.0,0.0,0.0,0,0.0,0,0.0
0.0,26-12-2015,0,0,0.0,0.0,0.0,0,0.0,0,0.0
0.0,25-12-2015,0,0,0.0,0.0,0.0,0,0.0,0,0.0
0.0,24-12-2015,0,0,0.0,0.0,0.0,0,0.0,0,0.0
0.0,23-12-2015,0,0,0.0,0.0,0.0,0,0.0,0,0.0
0.0,22-12-2015,0,0,0.0,0.0,0.0,0,0.0,0,0.0
0.0,21-12-2015,0,0,0.0,0.0,0.0,0,0.0,0,0.0
0.0,20-12-2015,0,0,0.0,0.0,0.0,0,0.0,0,0.0
0.0,19-12-2015,0,0,0.0,0.0,0.0,0,0.0,0,0.0
0.0,18-12-2015,0,0,0.0,0.0,0.0,0,0.0,0,0.0
0.0,17-12-2015,0,0,0.0,0.0,0.0,0,0.0,0,0.0
0.0,16-12-2015,0,0,0.0,0.0,0.0,0,0.0,0,0.0
0.0,15-12-2015,0,0,0.0,0.0,0.0,0,0.0,0,0.0
0.0,14-12-2015,0,0,0.0,0.0,0.0,0,0.0,0,0.0
0.0,13-12-2015,0,0,0.0,0.0,0.0,0,0.0,0,0.0
0.0,12-12-2015,0,0,0.0,0.0,0.0,0,0.0,0,0.0
0.0,11-12-2015,0,0,0.0,0.0,0.0,0,0.0,0,0.0
0.0,10-12-2015,0,0,0.0,0.0,0.0,0,0.0,0,0.0
0.0,09-12-2015,0,0,0.0,0.0,0.0,0,0.0,0,0.0
0.0,08-12-2015,0,0,0.0,0.0,0.0,0,0.0,0,0.0
0.0,07-12-2015,0,0,0.0,0.0,0.0,0,0.0,0,0.0
0.0,06-12-2015,0,0,0.0,0.0,0.0,0,0.0,0,0.0
0.0,05-12-2015,0,0,0.0,0.0,0.0,0,0.0,0,0.0
0.0,04-12-2015,0,0,0.0,0.0,0.0,0,0.0,0,0.0
0.0,03-12-2015,0,0,0.0,0.0,0.0,0,0.0,0,0.0
0.0,02-12-2015,0,0,0.0,0.0,0.0,0,0.0,0,0.0
0.0,01-12-2015,0,0,0.0,0.0,0.0,0,0.0,0,0.0
0.0,30-11-2015,0,0,0.0,0.0,0.0,0,0.0,0,0.0
0.0,29-11-2015,0,0,0.0,0.0,0.0,0,0.0,0,0.0
0.0,28-11-2015,0,0,0.0,0.0,0.0,0,0.0,0,0.0
0.0,27-11-2015,0,0,0.0,0.0,0.0,0,0.0,0,0.0
0.0,26-11-2015,0,0,0.0,0.0,0.0,0,0.0,0,0.0
0.0,25-11-2015,0,0,0.0,0.0,0.0,0,0.0,0,0.0
0.0,24-11-2015,0,0,0.0,0.0,0.0,0,0.0,0,0.0
0.0,23-11-2015,0,0,0.0,0.0,0.0,0,0.0,0,0.0
0.0,22-11-2015,0,0,0.0,0.0,0.0,0,0.0,0,0.0
0.0,21-11-2015,0,0,0.0,0.0,0.0,0,0.0,0,0.0
0.0,20-11-2015,0,0,0.0,0.0,0.0,0,0.0,0,0.0
0.0,19-11-2015,0,0,0.0,0.0,0.0,0,0.0,0,0.0
0.0,18-11-2015,0,0,0.0,0.0,0.0,0,0.0,0,0.0
0.0,17-11-2015,0,0,0.0,0.0,0.0,0,0.0,0,0.0
0.0,16-11-2015,0,0,0.0,0.0,0.0,0,0.0,0,0.0
0.0,15-11-2015,0,0,0.0,0.0,0.0,0,0.0,0,0.0
0.0,14-11-2015,0,0,0.0,0.0,0.0,0,0.0,0,0.0
0.0,13-11-2015,0,0,0.0,0.0,0.0,0,0.0,0,0.0
0.0,12-11-2015,0,0,0.0,0.0,0.0,0,0.0,0,0.0
0.0,11-11-2015,0,0,0.0,0.0,0.0,0,0.0,0,0.0
0.0,10-11-2015,0,0,0.0,0.0,0.0,0,0.0,0,0.0
0.0,09-11-2015,0,0,0.0,0.0,0.0,0,0.0,0,0.0
0.0,08-11-2015,0,0,0.0,0.0,0.0,0,0.0,0,0.0
0.0,07-11-2015,0,0,0.0,0.0,0.0,0,0.0,0,0.0
0.0,06-11-2015,0,0,0.0,0.0,0.0,0,0.0,0,0.0
0.0,05-11-2015,0,0,0.0,0.0,0.0,0,0.0,0,0.0
0.0,04-11-2015,0,0,0.0,0.0,0.0,0,0.0,0,0.0
0.0,03-11-2015,0,0,0.0,0.0,0.0,0,0.0,0,0.0
0.0,02-11-2015,0,0,0.0,0.0,0.0,0,0.0,0,0.0
0.0,01-11-2015,0,0,0.0,0.0,0.0,0,0.0,0,0.0
0.0,31-10-2015,0,0,0.0,0.0,0.0,0,0.0,0,0.0
0.0,30-10-2015,0,0,0.0,0.0,0.0,0,0.0,0,0.0
0.0,29-10-2015,0,0,0.0,0.0,0.0,0,0.0,0,0.0
0.0,28-10-2015,0,0,0.0,0.0,0.0,0,0.0,0,0.0
0.0,27-10-2015,0,0,0.0,0.0,0.0,0,0.0,0,0.0
0.0,26-10-2015,0,0,0.0,0.0,0.0,0,0.0,0,0.0
0.0,25-10-2015,0,0,0.0,0.0,0.0,0,0.0,0,0.0
0.0,24-10-2015,0,0,0.0,0.0,0.0,0,0.0,0,0.0
0.0,23-10-2015,0,0,0.0,0.0,0.0,0,0.0,0,0.0
0.0,22-10-2015,0,0,0.0,0.0,0.0,0,0.0,0,0.0
0.0,21-10-2015,0,0,0.0,0.0,0.0,0,0.0,0,0.0
0.0,20-10-2015,0,0,0.0,0.0,0.0,0,0.0,0,0.0
0.0,19-10-2015,0,0,0.0,0.0,0.0,0,0.0,0,0.0
0.0,18-10-2015,0,0,0.0,0.0,0.0,0,0.0,0,0.0
0.0,17-10-2015,0,0,0.0,0.0,0.0,0,0.0,0,0.0
0.0,16-10-2015,0,0,0.0,0.0,0.0,0,0.0,0,0.0
0.0,15-10-2015,0,0,0.0,0.0,0.0,0,0.0,0,0.0
0.0,14-10-2015,0,0,0.0,0.0,0.0,0,0.0,0,0.0
0.0,13-10-2015,0,0,0.0,0.0,0.0,0,0.0,0,0.0
0.0,12-10-2015,0,0,0.0,0.0,0.0,0,0.0,0,0.0
0.0,11-10-2015,0,0,0.0,0.0,0.0,0,0.0,0,0.0
0.0,10-10-2015,0,0,0.0,0.0,0.0,0,0.0,0,0.0
0.0,09-10-2015,0,0,0.0,0.0,0.0,0,0.0,0,0.0
0.0,08-10-2015,0,0,0.0,0.0,0.0,0,0.0,0,0.0
0.0,07-10-2015,0,0,0.0,0.0,0.0,0,0.0,0,0.0
0.0,06-10-2015,0,0,0.0,0.0,0.0,0,0.0,0,0.0
0.0,05-10-2015,0,0,0.0,0.0,0.0,0,0.0,0,0.0
0.0,04-10-2015,0,0,0.0,0.0,0.0,0,0.0,0,0.0
0.0,03-10-2015,0,0,0.0,0.0,0.0,0,0.0,0,0.0
0.0,02-10-2015,0,0,0.0,0.0,0.0,0,0.0,0,0.0
0.0,01-10-2015,0,0,0.0,0.0,0.0,0,0.0,0,0.0
0.0,30-09-2015,0,0,0.0,0.0,0.0,0,0.0,0,0.0
0.0,29-09-2015,0,0,0.0,0.0,0.0,0,0.0,0,0.0
0.0,28-09-2015,0,0,0.0,0.0,0.0,0,0.0,0,0.0
0.0,27-09-2015,0,0,0.0,0.0,0.0,0,0.0,0,0.0
0.0,26-09-2015,0,0,0.0,0.0,0.0,0,0.0,0,0.0
0.0,25-09-2015,0,0,0.0,0.0,0.0,0,0.0,0,0.0
0.0,24-09-2015,0,0,0.0,0.0,0.0,0,0.0,0,0.0
0.0,23-09-2015,0,0,0.0,0.0,0.0,0,0.0,0,0.0
0.0,22-09-2015,0,0,0.0,0.0,0.0,0,0.0,0,0.0
0.0,21-09-2015,0,0,0.0,0.0,0.0,0,0.0,0,0.0
0.0,20-09-2015,0,0,0.0,0.0,0.0,0,0.0,0,0.0
0.0,19-09-2015,0,0,0.0,0.0,0.0,0,0.0,0,0.0
0.0,18-09-2015,0,0,0.0,0.0,0.0,0,0.0,0,0.0
0.0,17-09-2015,0,0,0.0,0.0,0.0,0,0.0,0,0.0
0.0,16-09-2015,0,0,0.0,0.0,0.0,0,0.0,0,0.0
0.0,15-09-2015,0,0,0.0,0.0,0.0,0,0.0,0,0.0
0.0,14-09-2015,0,0,0.0,0.0,0.0,0,0.0,0,0.0
0.0,13-09-2015,0,0,0.0,0.0,0.0,0,0.0,0,0.0
0.0,12-09-2015,0,0,0.0,0.0,0.0,0,0.0,0,0.0
0.0,11-09-2015,0,0,0.0,0.0,0.0,0,0.0,0,0.0
0.0,10-09-2015,0,0,0.0,0.0,0.0,0,0.0,0,0.0
0.0,09-09-2015,0,0,0.0,0.0,0.0,0,0.0,0,0.0
0.0,08-09-2015,0,0,0.0,0.0,0.0,0,0.0,0,0.0
0.0,07-09-2015,0,0,0.0,0.0,0.0,0,0.0,0,0.0
0.0,06-09-2015,0,0,0.0,0.0,0.0,0,0.0,0,0.0
0.0,05-09-2015,0,0,0.0,0.0,0.0,0,0.0,0,0.0
0.0,04-09-2015,0,0,0.0,0.0,0.0,0,0.0,0,0.0
0.0,03-09-2015,0,0,0.0,0.0,0.0,0,0.0,0,0.0
0.0,02-09-2015,0,0,0.0,0.0,0.0,0,0.0,0,0.0
0.0,01-09-2015,0,0,0.0,0.0,0.0,0,0.0,0,0.0
0.0,31-08-2015,0,0,0.0,0.0,0.0,0,0.0,0,0.0
0.0,30-08-2015,0,0,0.0,0.0,0.0,0,0.0,0,0.0
0.0,29-08-2015,0,0,0.0,0.0,0.0,0,0.0,0,0.0
0.0,28-08-2015,0,0,0.0,0.0,0.0,0,0.0,0,0.0
0.0,27-08-2015,0,0,0.0,0.0,0.0,0,0.0,0,0.0
0.0,26-08-2015,0,0,0.0,0.0,0.0,0,0.0,0,0.0
0.0,25-08-2015,0,0,0.0,0.0,0.0,0,0.0,0,0.0
0.0,24-08-2015,0,0,0.0,0.0,0.0,0,0.0,0,0.0
0.0,23-08-2015,0,0,0.0,0.0,0.0,0,0.0,0,0.0
0.0,22-08-2015,0,0,0.0,0.0,0.0,0,0.0,0,0.0
0.0,21-08-2015,0,0,0.0,0.0,0.0,0,0.0,0,0.0
0.0,20-08-2015,0,0,0.0,0.0,0.0,0,0.0,0,0.0
0.0,19-08-2015,0,0,0.0,0.0,0.0,0,0.0,0,0.0
0.0,18-08-2015,0,0,0.0,0.0,0.0,0,0.0,0,0.0
0.0,17-08-2015,0,0,0.0,0.0,0.0,0,0.0,0,0.0
0.0,16-08-2015,0,0,0.0,0.0,0.0,0,0.0,0,0.0
0.0,15-08-2015,0,0,0.0,0.0,0.0,0,0.0,0,0.0
0.0,14-08-2015,0,0,0.0,0.0,0.0,0,0.0,0,0.0
0.0,13-08-2015,0,0,0.0,0.0,0.0,0,0.0,0,0.0
0.0,12-08-2015,0,0,0.0,0.0,0.0,0,0.0,0,0.0
0.0,11-08-2015,0,0,0.0,0.0,0.0,0,0.0,0,0.0
0.0,10-08-2015,0,0,0.0,0.0,0.0,0,0.0,0,0.0
0.0,09-08-2015,0,0,0.0,0.0,0.0,0,0.0,0,0.0
0.0,08-08-2015,0,0,0.0,0.0,0.0,0,0.0,0,0.0
0.0,07-08-2015,0,0,0.0,0.0,0.0,0,0.0,0,0.0
0.0,06-08-2015,0,0,0.0,0.0,0.0,0,0.0,0,0.0
0.0,05-08-2015,0,0,0.0,0.0,0.0,0,0.0,0,0.0
0.0,04-08-2015,0,0,0.0,0.0,0.0,0,0.0,0,0.0
0.0,03-08-2015,0,0,0.0,0.0,0.0,0,0.0,0,0.0
0.0,02-08-2015,0,0,0.0,0.0,0.0,0,0.0,0,0.0
0.0,01-08-2015,0,0,0.0,0.0,0.0,0,0.0,0,0.0
0.0,31-07-2015,0,0,0.0,0.0,0.0,0,0.0,0,0.0
0.0,30-07-2015,0,0,0.0,0.0,0.0,0,0.0,0,0.0
0.0,29-07-2015,0,0,0.0,0.0,0.0,0,0.0,0,0.0
0.0,28-07-2015,0,0,0.0,0.0,0.0,0,0.0,0,0.0
0.0,27-07-2015,0,0,0.0,0.0,0.0,0,0.0,0,0.0
0.0,26-07-2015,0,0,0.0,0.0,0.0,0,0.0,0,0.0
0.0,25-07-2015,0,0,0.0,0.0,0.0,0,0.0,0,0.0
0.0,24-07-2015,0,0,0.0,0.0,0.0,0,0.0,0,0.0
0.0,23-07-2015,0,0,0.0,0.0,0.0,0,0.0,0,0.0
0.0,22-07-2015,0,0,0.0,0.0,0.0,0,0.0,0,0.0
0.0,21-07-2015,0,0,0.0,0.0,0.0,0,0.0,0,0.0
0.0,20-07-2015,0,0,0.0,0.0,0.0,0,0.0,0,0.0
0.0,19-07-2015,0,0,0.0,0.0,0.0,0,0.0,0,0.0
0.0,18-07-2015,0,0,0.0,0.0,0.0,0,0.0,0,0.0
0.0,17-07-2015,0,0,0.0,0.0,0.0,0,0.0,0,0.0
0.0,16-07-2015,0,0,0.0,0.0,0.0,0,0.0,0,0.0
0.0,15-07-2015,0,0,0.0,0.0,0.0,0,0.0,0,0.0
0.0,14-07-2015,0,0,0.0,0.0,0.0,0,0.0,0,0.0
0.0,13-07-2015,0,0,0.0,0.0,0.0,0,0.0,0,0.0
0.0,12-07-2015,0,0,0.0,0.0,0.0,0,0.0,0,0.0
0.0,11-07-2015,0,0,0.0,0.0,0.0,0,0.0,0,0.0
0.0,10-07-2015,0,0,0.0,0.0,0.0,0,0.0,0,0.0
0.0,09-07-2015,0,0,0.0,0.0,0.0,0,0.0,0,0.0
0.0,08-07-2015,0,0,0.0,0.0,0.0,0,0.0,0,0.0
0.0,07-07-2015,0,0,0.0,0.0,0.0,0,0.0,0,0.0
0.0,06-07-2015,0,0,0.0,0.0,0.0,0,0.0,0,0.0
0.0,05-07-2015,0,0,0.0,0.0,0.0,0,0.0,0,0.0
0.0,04-07-2015,0,0,0.0,0.0,0.0,0,0.0,0,0.0
0.0,03-07-2015,0,0,0.0,0.0,0.0,0,0.0,0,0.0
0.0,02-07-2015,0,0,0.0,0.0,0.0,0,0.0,0,0.0
0.0,01-07-2015,0,0,0.0,0.0,0.0,0,0.0,0,0.0
0.0,30-06-2015,0,0,0.0,0.0,0.0,0,0.0,0,0.0
0.0,29-06-2015,0,0,0.0,0.0,0.0,0,0.0,0,0.0
0.0,28-06-2015,0,0,0.0,0.0,0.0,0,0.0,0,0.0
0.0,27-06-2015,0,0,0.0,0.0,0.0,0,0.0,0,0.0
0.0,26-06-2015,0,0,0.0,0.0,0.0,0,0.0,0,0.0
0.0,25-06-2015,0,0,0.0,0.0,0.0,0,0.0,0,0.0
0.0,24-06-2015,0,0,0.0,0.0,0.0,0,0.0,0,0.0
0.0,23-06-2015,0,0,0.0,0.0,0.0,0,0.0,0,0.0
0.0,22-06-2015,0,0,0.0,0.0,0.0,0,0.0,0,0.0
0.0,21-06-2015,0,0,0.0,0.0,0.0,0,0.0,0,0.0
0.0,20-06-2015,0,0,0.0,0.0,0.0,0,0.0,0,0.0
0.0,19-06-2015,0,0,0.0,0.0,0.0,0,0.0,0,0.0
0.0,18-06-2015,0,0,0.0,0.0,0.0,0,0.0,0,0.0
0.0,17-06-2015,0,0,0.0,0.0,0.0,0,0.0,0,0.0
0.0,16-06-2015,0,0,0.0,0.0,0.0,0,0.0,0,0.0
0.0,15-06-2015,0,0,0.0,0.0,0.0,0,0.0,0,0.0
0.0,14-06-2015,0,0,0.0,0.0,0.0,0,0.0,0,0.0
0.0,13-06-2015,0,0,0.0,0.0,0.0,0,0.0,0,0.0
0.0,12-06-2015,0,0,0.0,0.0,0.0,0,0.0,0,0.0
0.0,11-06-2015,0,0,0.0,0.0,0.0,0,0.0,0,0.0
0.0,10-06-2015,0,0,0.0,0.0,0.0,0,0.0,0,0.0
0.0,09-06-2015,0,0,0.0,0.0,0.0,0,0.0,0,0.0
0.0,08-06-2015,0,0,0.0,0.0,0.0,0,0.0,0,0.0
0.0,07-06-2015,0,0,0.0,0.0,0.0,0,0.0,0,0.0
0.0,06-06-2015,0,0,0.0,0.0,0.0,0,0.0,0,0.0
0.0,05-06-2015,0,0,0.0,0.0,0.0,0,0.0,0,0.0
0.0,04-06-2015,0,0,0.0,0.0,0.0,0,0.0,0,0.0
0.0,03-06-2015,0,0,0.0,0.0,0.0,0,0.0,0,0.0
0.0,02-06-2015,0,0,0.0,0.0,0.0,0,0.0,0,0.0
0.0,01-06-2015,0,0,0.0,0.0,0.0,0,0.0,0,0.0
0.0,31-05-2015,0,0,0.0,0.0,0.0,0,0.0,0,0.0
0.0,30-05-2015,0,0,0.0,0.0,0.0,0,0.0,0,0.0
0.0,29-05-2015,0,0,0.0,0.0,0.0,0,0.0,0,0.0
0.0,28-05-2015,0,0,0.0,0.0,0.0,0,0.0,0,0.0
0.0,27-05-2015,0,0,0.0,0.0,0.0,0,0.0,0,0.0
0.0,26-05-2015,0,0,0.0,0.0,0.0,0,0.0,0,0.0
0.0,25-05-2015,0,0,0.0,0.0,0.0,0,0.0,0,0.0
0.0,24-05-2015,0,0,0.0,0.0,0.0,0,0.0,0,0.0
0.0,23-05-2015,0,0,0.0,0.0,0.0,0,0.0,0,0.0
0.0,22-05-2015,0,0,0.0,0.0,0.0,0,0.0,0,0.0
0.0,21-05-2015,0,0,0.0,0.0,0.0,0,0.0,0,0.0
0.0,20-05-2015,0,0,0.0,0.0,0.0,0,0.0,0,0.0
0.0,19-05-2015,0,0,0.0,0.0,0.0,0,0.0,0,0.0
0.0,18-05-2015,0,0,0.0,0.0,0.0,0,0.0,0,0.0
0.0,17-05-2015,0,0,0.0,0.0,0.0,0,0.0,0,0.0
0.0,16-05-2015,0,0,0.0,0.0,0.0,0,0.0,0,0.0
0.0,15-05-2015,0,0,0.0,0.0,0.0,0,0.0,0,0.0
0.0,14-05-2015,0,0,0.0,0.0,0.0,0,0.0,0,0.0
0.0,13-05-2015,0,0,0.0,0.0,0.0,0,0.0,0,0.0
0.0,12-05-2015,0,0,0.0,0.0,0.0,0,0.0,0,0.0
0.0,11-05-2015,0,0,0.0,0.0,0.0,0,0.0,0,0.0
0.0,10-05-2015,0,0,0.0,0.0,0.0,0,0.0,0,0.0
0.0,09-05-2015,0,0,0.0,0.0,0.0,0,0.0,0,0.0
0.0,08-05-2015,0,0,0.0,0.0,0.0,0,0.0,0,0.0
0.0,07-05-2015,0,0,0.0,0.0,0.0,0,0.0,0,0.0
0.0,06-05-2015,0,0,0.0,0.0,0.0,0,0.0,0,0.0
0.0,05-05-2015,0,0,0.0,0.0,0.0,0,0.0,0,0.0
0.0,04-05-2015,0,0,0.0,0.0,0.0,0,0.0,0,0.0
0.0,03-05-2015,0,0,0.0,0.0,0.0,0,0.0,0,0.0
0.0,02-05-2015,0,0,0.0,0.0,0.0,0,0.0,0,0.0
0.0,01-05-2015,0,0,0.0,0.0,0.0,0,0.0,0,0.0
0.0,30-04-2015,0,0,0.0,0.0,0.0,0,0.0,0,0.0
0.0,29-04-2015,0,0,0.0,0.0,0.0,0,0.0,0,0.0
0.0,28-04-2015,0,0,0.0,0.0,0.0,0,0.0,0,0.0
0.0,27-04-2015,0,0,0.0,0.0,0.0,0,0.0,0,0.0
0.0,26-04-2015,0,0,0.0,0.0,0.0,0,0.0,0,0.0
0.0,25-04-2015,0,0,0.0,0.0,0.0,0,0.0,0,0.0
0.0,24-04-2015,0,0,0.0,0.0,0.0,0,0.0,0,0.0
0.0,23-04-2015,0,0,0.0,0.0,0.0,0,0.0,0,0.0
0.0,22-04-2015,0,0,0.0,0.0,0.0,0,0.0,0,0.0
0.0,21-04-2015,0,0,0.0,0.0,0.0,0,0.0,0,0.0
0.0,20-04-2015,0,0,0.0,0.0,0.0,0,0.0,0,0.0
0.0,19-04-2015,0,0,0.0,0.0,0.0,0,0.0,0,0.0
0.0,18-04-2015,0,0,0.0,0.0,0.0,0,0.0,0,0.0
0.0,17-04-2015,0,0,0.0,0.0,0.0,0,0.0,0,0.0
0.0,16-04-2015,0,0,0.0,0.0,0.0,0,0.0,0,0.0
0.0,15-04-2015,0,0,0.0,0.0,0.0,0,0.0,0,0.0
0.0,14-04-2015,0,0,0.0,0.0,0.0,0,0.0,0,0.0
0.0,13-04-2015,0,0,0.0,0.0,0.0,0,0.0,0,0.0
0.0,12-04-2015,0,0,0.0,0.0,0.0,0,0.0,0,0.0
0.0,11-04-2015,0,0,0.0,0.0,0.0,0,0.0,0,0.0
0.0,10-04-2015,0,0,0.0,0.0,0.0,0,0.0,0,0.0
0.0,09-04-2015,0,0,0.0,0.0,0.0,0,0.0,0,0.0
0.0,08-04-2015,0,0,0.0,0.0,0.0,0,0.0,0,0.0
0.0,07-04-2015,0,0,0.0,0.0,0.0,0,0.0,0,0.0
0.0,06-04-2015,0,0,0.0,0.0,0.0,0,0.0,0,0.0
0.0,05-04-2015,0,0,0.0,0.0,0.0,0,0.0,0,0.0
0.0,04-04-2015,0,0,0.0,0.0,0.0,0,0.0,0,0.0
0.0,03-04-2015,0,0,0.0,0.0,0.0,0,0.0,0,0.0
0.0,02-04-2015,0,0,0.0,0.0,0.0,0,0.0,0,0.0
0.0,01-04-2015,0,0,0.0,0.0,0.0,0,0.0,0,0.0
0.0,31-03-2015,0,0,0.0,0.0,0.0,0,0.0,0,0.0
0.0,30-03-2015,0,0,0.0,0.0,0.0,0,0.0,0,0.0
0.0,29-03-2015,0,0,0.0,0.0,0.0,0,0.0,0,0.0
0.0,28-03-2015,0,0,0.0,0.0,0.0,0,0.0,0,0.0
0.0,27-03-2015,0,0,0.0,0.0,0.0,0,0.0,0,0.0
0.0,26-03-2015,0,0,0.0,0.0,0.0,0,0.0,0,0.0
0.0,25-03-2015,0,0,0.0,0.0,0.0,0,0.0,0,0.0
0.0,24-03-2015,0,0,0.0,0.0,0.0,0,0.0,0,0.0
0.0,23-03-2015,0,0,0.0,0.0,0.0,0,0.0,0,0.0
0.0,22-03-2015,0,0,0.0,0.0,0.0,0,0.0,0,0.0
0.0,21-03-2015,0,0,0.0,0.0,0.0,0,0.0,0,0.0
0.0,20-03-2015,0,0,0.0,0.0,0.0,0,0.0,0,0.0
0.0,19-03-2015,0,0,0.0,0.0,0.0,0,0.0,0,0.0
0.0,18-03-2015,0,0,0.0,0.0,0.0,0,0.0,0,0.0
0.0,17-03-2015,0,0,0.0,0.0,0.0,0,0.0,0,0.0
0.0,16-03-2015,0,0,0.0,0.0,0.0,0,0.0,0,0.0
0.0,15-03-2015,0,0,0.0,0.0,0.0,0,0.0,0,0.0
0.0,14-03-2015,0,0,0.0,0.0,0.0,0,0.0,0,0.0
0.0,13-03-2015,0,0,0.0,0.0,0.0,0,0.0,0,0.0
0.0,12-03-2015,0,0,0.0,0.0,0.0,0,0.0,0,0.0
0.0,11-03-2015,0,0,0.0,0.0,0.0,0,0.0,0,0.0
0.0,10-03-2015,0,0,0.0,0.0,0.0,0,0.0,0,0.0
0.0,09-03-2015,0,0,0.0,0.0,0.0,0,0.0,0,0.0
0.0,08-03-2015,0,0,0.0,0.0,0.0,0,0.0,0,0.0
0.0,07-03-2015,0,0,0.0,0.0,0.0,0,0.0,0,0.0
0.0,06-03-2015,0,0,0.0,0.0,0.0,0,0.0,0,0.0
0.0,05-03-2015,0,0,0.0,0.0,0.0,0,0.0,0,0.0
0.0,04-03-2015,0,0,0.0,0.0,0.0,0,0.0,0,0.0
0.0,03-03-2015,0,0,0.0,0.0,0.0,0,0.0,0,0.0
0.0,02-03-2015,0,0,0.0,0.0,0.0,0,0.0,0,0.0
0.0,01-03-2015,0,0,0.0,0.0,0.0,0,0.0,0,0.0
0.0,28-02-2015,0,0,0.0,0.0,0.0,0,0.0,0,0.0
0.0,27-02-2015,0,0,0.0,0.0,0.0,0,0.0,0,0.0
0.0,26-02-2015,0,0,0.0,0.0,0.0,0,0.0,0,0.0
0.0,25-02-2015,0,0,0.0,0.0,0.0,0,0.0,0,0.0
0.0,24-02-2015,0,0,0.0,0.0,0.0,0,0.0,0,0.0
0.0,23-02-2015,0,0,0.0,0.0,0.0,0,0.0,0,0.0
0.0,22-02-2015,0,0,0.0,0.0,0.0,0,0.0,0,0.0
0.0,21-02-2015,0,0,0.0,0.0,0.0,0,0.0,0,0.0
0.0,20-02-2015,0,0,0.0,0.0,0.0,0,0.0,0,0.0
0.0,19-02-2015,0,0,0.0,0.0,0.0,0,0.0,0,0.0
0.0,18-02-2015,0,0,0.0,0.0,0.0,0,0.0,0,0.0
0.0,17-02-2015,0,0,0.0,0.0,0.0,0,0.0,0,0.0
0.0,16-02-2015,0,0,0.0,0.0,0.0,0,0.0,0,0.0
0.0,15-02-2015,0,0,0.0,0.0,0.0,0,0.0,0,0.0
0.0,14-02-2015,0,0,0.0,0.0,0.0,0,0.0,0,0.0
0.0,13-02-2015,0,0,0.0,0.0,0.0,0,0.0,0,0.0
0.0,12-02-2015,0,0,0.0,0.0,0.0,0,0.0,0,0.0
0.0,11-02-2015,0,0,0.0,0.0,0.0,0,0.0,0,0.0
0.0,10-02-2015,0,0,0.0,0.0,0.0,0,0.0,0,0.0
0.0,09-02-2015,0,0,0.0,0.0,0.0,0,0.0,0,0.0
0.0,08-02-2015,0,0,0.0,0.0,0.0,0,0.0,0,0.0
0.0,07-02-2015,0,0,0.0,0.0,0.0,0,0.0,0,0.0
0.0,06-02-2015,0,0,0.0,0.0,0.0,0,0.0,0,0.0
0.0,05-02-2015,0,0,0.0,0.0,0.0,0,0.0,0,0.0
0.0,04-02-2015,0,0,0.0,0.0,0.0,0,0.0,0,0.0
0.0,03-02-2015,0,0,0.0,0.0,0.0,0,0.0,0,0.0
0.0,02-02-2015,0,0,0.0,0.0,0.0,0,0.0,0,0.0
0.0,01-02-2015,0,0,0.0,0.0,0.0,0,0.0,0,0.0
0.0,31-01-2015,0,0,0.0,0.0,0.0,0,0.0,0,0.0
0.0,30-01-2015,0,0,0.0,0.0,0.0,0,0.0,0,0.0
0.0,29-01-2015,0,0,0.0,0.0,0.0,0,0.0,0,0.0
0.0,28-01-2015,0,0,0.0,0.0,0.0,0,0.0,0,0.0
0.0,27-01-2015,0,0,0.0,0.0,0.0,0,0.0,0,0.0
0.0,26-01-2015,0,0,0.0,0.0,0.0,0,0.0,0,0.0
0.0,25-01-2015,0,0,0.0,0.0,0.0,0,0.0,0,0.0
0.0,24-01-2015,0,0,0.0,0.0,0.0,0,0.0,0,0.0
0.0,23-01-2015,0,0,0.0,0.0,0.0,0,0.0,0,0.0
0.0,22-01-2015,0,0,0.0,0.0,0.0,0,0.0,0,0.0
0.0,21-01-2015,0,0,0.0,0.0,0.0,0,0.0,0,0.0
0.0,20-01-2015,0,0,0.0,0.0,0.0,0,0.0,0,0.0
0.0,19-01-2015,0,0,0.0,0.0,0.0,0,0.0,0,0.0
0.0,18-01-2015,0,0,0.0,0.0,0.0,0,0.0,0,0.0
0.0,17-01-2015,0,0,0.0,0.0,0.0,0,0.0,0,0.0
0.0,16-01-2015,0,0,0.0,0.0,0.0,0,0.0,0,0.0
0.0,15-01-2015,0,0,0.0,0.0,0.0,0,0.0,0,0.0
0.0,14-01-2015,0,0,0.0,0.0,0.0,0,0.0,0,0.0
0.0,13-01-2015,0,0,0.0,0.0,0.0,0,0.0,0,0.0
0.0,12-01-2015,0,0,0.0,0.0,0.0,0,0.0,0,0.0
0.0,11-01-2015,0,0,0.0,0.0,0.0,0,0.0,0,0.0
0.0,10-01-2015,0,0,0.0,0.0,0.0,0,0.0,0,0.0
0.0,09-01-2015,0,0,0.0,0.0,0.0,0,0.0,0,0.0
0.0,08-01-2015,0,0,0.0,0.0,0.0,0,0.0,0,0.0
0.0,07-01-2015,0,0,0.0,0.0,0.0,0,0.0,0,0.0
0.0,06-01-2015,0,0,0.0,0.0,0.0,0,0.0,0,0.0
0.0,05-01-2015,0,0,0.0,0.0,0.0,0,0.0,0,0.0
0.0,04-01-2015,0,0,0.0,0.0,0.0,0,0.0,0,0.0
0.0,03-01-2015,0,0,0.0,0.0,0.0,0,0.0,0,0.0
0.0,02-01-2015,0,0,0.0,0.0,0.0,0,0.0,0,0.0
0.0,01-01-2015,0,0,0.0,0.0,0.0,0,0.0,0,0.0
