﻿Id,Symbol,Coin,Current Price,MCap(MC),Trading Volume(V1),Launch Date,Num Markets(MK),GitHub Commits(Last 4 weeks),Reddit Subscribers,Fb Likes,Twitter Followers,Coin Update,Last Updated
bitcoin,btc,Bitcoin,,1.288E+11,,28-04-2013,253,,,,,,
ethereum,eth,Ethereum,,15938055273,,07-08-2015,260,,,,,,
ripple,xrp,XRP,,9523154156,,04-08-2013,170,,,,,,
bitcoin-cash,bch,Bitcoin Cash,,3818159670,,02-08-2017,183,,,,,,
litecoin,ltc,Litecoin,,2950535975,,28-04-2013,228,,,,,,
eos,eos,EOS,,2455968868,,09-07-2017,142,,,,,,
binancecoin,bnb,Binance Coin,,2371936610,,16-09-2017,58,,,,,,
bitcoin-cash-sv,bsv,Bitcoin SV,,1915781170,,10-11-2018,80,,,,,,
stellar,xlm,Stellar,,1152309875,,06-08-2014,107,,,,,,
cardano,ada,Cardano,,1132300908,,18-10-2017,56,,,,,,
tron,trx,TRON,,1000492028,,09-11-2017,113,,,,,,
leo-token,leo,LEO Token,,889897967,,21-05-2019,13,,,,,,
monero,xmr,Monero,,881736680,,21-05-2014,67,,,,,,
cosmos,atom,Cosmos,,880885934,,24-02-2019,44,,,,,,
tezos,xtz,Tezos,,842697582,,28-10-2017,32,,,,,,
chainlink,link,ChainLink,,808261985,,09-11-2017,68,,,,,,
neo,neo,NEO,,644575518,,09-09-2016,78,,,,,,
huobi-token,ht,Huobi Token,,614621419,,09-02-2018,37,,,,,,
okb,okb,OKB,,612242754,,07-06-2018,15,,,,,,
iota,miota,IOTA,,581844037,,14-06-2017,20,,,,,,
dash,dash,Dash,,454669387,,14-02-2014,123,,,,,,
ethereum-classic,etc,Ethereum Classic,,442926549,,24-07-2016,110,,,,,,
vechain,vet,VeChain,,395857253,,27-07-2018,28,,,,,,
ontology,ont,Ontology,,395668616,,23-03-2018,52,,,,,,
maker,mkr,Maker,,387769766,,20-12-2017,34,,,,,,
