﻿Id,Symbol,Coin,Current Price,MCap(MC),Trading Volume(V1),Launch Date,Num Markets(MK),GitHub Commits(Last 4 weeks),Reddit Subscribers,Fb Likes,Twitter Followers,Coin Update,Last Updated
bitcoin,btc,Bitcoin,,1.30281E+11,,28-04-2013,247,,,,,,
ethereum,eth,Ethereum,,13590821191,,07-08-2015,249,,,,,,
ripple,xrp,XRP,,8170257809,,04-08-2013,163,,,,,,
bitcoin-cash,bch,Bitcoin Cash,,3351522394,,02-08-2017,175,,,,,,
litecoin,ltc,Litecoin,,2537396159,,28-04-2013,223,,,,,,
eos,eos,EOS,,2366062543,,09-07-2017,134,,,,,,
binancecoin,bnb,Binance Coin,,2012107938,,16-09-2017,58,,,,,,
bitcoin-cash-sv,bsv,Bitcoin SV,,1545061827,,10-11-2018,81,,,,,,
cardano,ada,Cardano,,1043195650,,18-10-2017,56,,,,,,
tezos,xtz,Tezos,,957924927,,28-10-2017,34,,,,,,
stellar,xlm,Stellar,,882997255,,06-08-2014,106,,,,,,
tron,trx,TRON,,874190113,,09-11-2017,110,,,,,,
cosmos,atom,Cosmos,,834671209,,24-02-2019,46,,,,,,
leo-token,leo,LEO Token,,807148506,,21-05-2019,12,,,,,,
monero,xmr,Monero,,793751454,,21-05-2014,64,,,,,,
okb,okb,OKB,,742861314,,07-06-2018,17,,,,,,
huobi-token,ht,Huobi Token,,664345997,,09-02-2018,37,,,,,,
chainlink,link,ChainLink,,646251821,,09-11-2017,64,,,,,,
neo,neo,NEO,,611824530,,09-09-2016,78,,,,,,
ethereum-classic,etc,Ethereum Classic,,472519035,,24-07-2016,107,,,,,,
iota,miota,IOTA,,432414619,,14-06-2017,22,,,,,,
crypto-com-chain,cro,Crypto.com Coin,,431181213,,02-01-2019,27,,,,,,
dash,dash,Dash,,370032170,,14-02-2014,120,,,,,,
vechain,vet,VeChain,,356326948,,27-07-2018,28,,,,,,
ontology,ont,Ontology,,325156463,,23-03-2018,56,,,,,,
