﻿Id,Symbol,Coin,Current Price,MCap(MC),Trading Volume(V1),Launch Date,Num Markets(MK),GitHub Commits(Last 4 weeks),Reddit Subscribers,Fb Likes,Twitter Followers,Coin Update,Last Updated
bitcoin,btc,Bitcoin,,1.71616E+11,,28-04-2013,250,,,,,,
ethereum,eth,Ethereum,,19773953181,,07-08-2015,261,,,,,,
ripple,xrp,XRP,,12775897266,,04-08-2013,168,,,,,,
bitcoin-cash,bch,Bitcoin Cash,,4728363835,,02-08-2017,180,,,,,,
litecoin,ltc,Litecoin,,3697971700,,28-04-2013,222,,,,,,
eos,eos,EOS,,3454277811,,09-07-2017,137,,,,,,
binancecoin,bnb,Binance Coin,,3127393025,,16-09-2017,60,,,,,,
bitcoin-cash-sv,bsv,Bitcoin SV,,2507683969,,10-11-2018,79,,,,,,
tron,trx,TRON,,1324338231,,09-11-2017,110,,,,,,
cardano,ada,Cardano,,1324199646,,18-10-2017,56,,,,,,
stellar,xlm,Stellar,,1291297687,,06-08-2014,116,,,,,,
monero,xmr,Monero,,1031588983,,21-05-2014,67,,,,,,
chainlink,link,ChainLink,,1028365198,,09-11-2017,67,,,,,,
leo-token,leo,LEO Token,,974273785,,21-05-2019,14,,,,,,
huobi-token,ht,Huobi Token,,903532220,,09-02-2018,37,,,,,,
okb,okb,OKB,,868866339,,07-06-2018,14,,,,,,
neo,neo,NEO,,819544453,,09-09-2016,78,,,,,,
cosmos,atom,Cosmos,,794402569,,24-02-2019,43,,,,,,
iota,miota,IOTA,,752788567,,14-06-2017,20,,,,,,
tezos,xtz,Tezos,,706904929,,28-10-2017,29,,,,,,
dash,dash,Dash,,662682767,,14-02-2014,127,,,,,,
ontology,ont,Ontology,,650934878,,23-03-2018,51,,,,,,
ethereum-classic,etc,Ethereum Classic,,551918563,,24-07-2016,109,,,,,,
crypto-com-chain,cro,Crypto.com Coin,,396166360,,02-01-2019,26,,,,,,
maker,mkr,Maker,,377365897,,20-12-2017,41,,,,,,
