Id,Symbol,Coin,Current Price,MCap(MC),Trading Volume(V1),Launch Date,Num Markets(MK),GitHub Commits(Last 4 weeks),Reddit Subscribers,Fb Likes,Twitter Followers,Coin Update,Last Updated
bitcoin,btc,Bitcoin,,1.69832E+11,,28-04-2013,245,,,,,,
ethereum,eth,Ethereum,,19325660364,,07-08-2015,251,,,,,,
ripple,xrp,XRP,,10431464603,,04-08-2013,165,,,,,,
bitcoin-cash,bch,Bitcoin Cash,,7054922820,,02-08-2017,174,,,,,,
bitcoin-cash-sv,bsv,Bitcoin SV,,5377739553,,10-11-2018,81,,,,,,
litecoin,ltc,Litecoin,,3933986169,,28-04-2013,221,,,,,,
eos,eos,EOS,,3889780971,,09-07-2017,135,,,,,,
binancecoin,bnb,Binance Coin,,2787011450,,16-09-2017,65,,,,,,
cardano,ada,Cardano,,1713017639,,18-10-2017,56,,,,,,
ethereum-classic,etc,Ethereum Classic,,1392914060,,24-07-2016,110,,,,,,
tron,trx,TRON,,1280568963,,09-11-2017,112,,,,,,
stellar,xlm,Stellar,,1247325918,,06-08-2014,107,,,,,,
monero,xmr,Monero,,1188197268,,21-05-2014,62,,,,,,
tezos,xtz,Tezos,,1095300905,,28-10-2017,35,,,,,,
dash,dash,Dash,,1088253169,,14-02-2014,122,,,,,,
chainlink,link,ChainLink,,1001718349,,09-11-2017,66,,,,,,
okb,okb,OKB,,899764666,,07-06-2018,18,,,,,,
leo-token,leo,LEO Token,,893439724,,21-05-2019,11,,,,,,
cosmos,atom,Cosmos,,858774750,,24-02-2019,51,,,,,,
iota,miota,IOTA,,819187317,,14-06-2017,21,,,,,,
neo,neo,NEO,,811689476,,09-09-2016,79,,,,,,
huobi-token,ht,Huobi Token,,803585910,,09-02-2018,37,,,,,,
crypto-com-chain,cro,Crypto.com Coin,,707001728,,02-01-2019,29,,,,,,
zcash,zec,Zcash,,530644605,,29-10-2016,103,,,,,,
maker,mkr,Maker,,458357344,,20-12-2017,35,,,,,,
