Id,Symbol,Coin,Current Price,MCap(MC),Trading Volume(V1),Launch Date,Num Markets(MK),GitHub Commits(Last 4 weeks),Reddit Subscribers,Fb Likes,Twitter Followers,Coin Update,Last Updated,Google_Trend_Data,Lifespan(L),Volatality(VOL),Trading Volume(V2),Trading Volume(V3),Trading Volume(V4),Network Transaction Volume(NV1),Network Transaction Volume(NV2),Network Transaction Volume(NV3),Network Transaction Volume(NV4),Start Price,End Price,Google_Trend_Score,Date of Data,MC_Rating,MK_Rating,L_Rating,VOL_Rating,V1_Rating,V2_Rating,V3_Rating,V4_Rating,NV2_Rating,NV3_Rating,NV4_Rating,Google_Rating,Net Rating,Weights
bitcoin,btc,Bitcoin,6695.900618397724,121052275573,45846522059.37318,28-04-2013,247,0.0,0.0,0.0,0.0,0.0,0.0,0.0,2524.0,81.58337668051435,43345313636.07377,32689023430.46975,28330364152.265575,1853266348.3987017,2077429941.5743942,1857878083.4460213,2083562759.5799823,0.0,0.0,2538.0,2020-03-26,8.0,14.999999999999998,15.0,9.60717129869509,0.0,8.0,0.0,8.000000000000002,8.0,0.0,8.0,15.0,94.60717129869509,25.98978412278169
ethereum,eth,Ethereum,136.2339214217677,14944437382,12119249137.97895,07-08-2015,247,0.0,0.0,0.0,0.0,0.0,0.0,0.0,1693.0,97.15785208642157,15441219728.966085,12283027418.074837,10766197754.322388,322175568.91403425,498957337.64352584,299742633.67768365,388718368.71328974,0.0,0.0,276.0,2020-03-26,0.9876352880611701,14.999999999999998,10.061410459587956,8.067134648041552,0.0,2.8498988118734503,0.0,3.04018619639562,1.9214408251587543,0.0,1.4925141733351004,1.6312056737588652,45.051426076212465,12.376195399051843
litecoin,ltc,Litecoin,39.24660316297314,2521244321,2920318856.379378,28-04-2013,219,0.0,0.0,0.0,0.0,0.0,0.0,0.0,2524.0,105.04238434358238,4084457596.2909155,3133603414.223074,3488012251.320102,28191472.915367395,40301129.210016795,30646700.70740014,52067901.03146551,0.0,0.0,112.0,2020-03-26,0.16662185384393377,13.299595141700404,15.0,7.461611613194055,0.0,0.7538452955876938,0.0,0.9849537358780943,0.1551961041996894,0.0,0.19991872399163704,0.6619385342789598,38.68368100267447,10.62689545129575
ripple,xrp,XRP,0.1616945113158979,7066008652,2083687565.24433,04-08-2013,164,0.0,0.0,0.0,0.0,0.0,0.0,0.0,2426.0,84.20437882827783,2416076800.1677904,1996382938.638124,1926712283.7348964,137134267.5604322,183258004.0268837,133448483.48384832,155447478.38460317,0.0,0.0,252.0,2020-03-26,0.4669723798947589,9.959514170040485,14.417591125198099,9.308132021187168,0.0,0.44592166441855546,0.0,0.5440698957145788,0.705710456403648,0.0,0.5968525888452306,1.4893617021276595,37.93412600383019,10.420983231950244
dash,dash,Dash,67.92053324736207,637944226,556138044.3001381,14-02-2014,122,0.0,0.0,0.0,0.0,0.0,0.0,0.0,2232.0,117.26457089590902,720252460.8604044,540880502.4520869,479889862.25248295,8421208.174041681,7819341.647408298,7897014.704874273,8857310.384967677,0.0,0.0,97.0,2020-03-26,0.04215991631584262,7.4089068825910935,13.264659270998415,6.683906903061131,0.0,0.132932933309954,0.0,0.13551251503108017,0.03011159699174205,0.0,0.03400832672495333,0.5732860520094563,28.30548439703367,7.775873846254796
stellar,xlm,Stellar,0.04149143652829786,831780630,287290375.4627301,06-08-2014,104,0.0,0.0,0.0,0.0,0.0,0.0,0.0,2059.0,94.50258489852489,333699349.7787106,252871140.53704342,272157146.4302474,3838181.6376464535,8114864.2836850295,36353614.652249366,23709935.31183879,0.0,0.0,36.0,2020-03-26,0.054970011992770754,6.315789473684211,12.236529318541995,8.293799325566406,0.0,0.06158900638356293,0.0,0.07685242447785001,0.03124962867353351,0.0,0.09103612628061519,0.2127659574468085,27.37458127304775,7.520143007889154
monero,xmr,Monero,47.10863048483567,842542589,179334225.9445501,21-05-2014,66,0.0,0.0,0.0,0.0,0.0,0.0,0.0,2136.0,96.27051482899803,149743046.09213778,143593871.11687326,187344233.88858148,0.0,1447535.1386937445,5720943.835431325,1411023.0166843599,0.0,0.0,26.0,2020-03-26,0.055681239200953886,4.008097165991903,12.694136291600632,8.14149042713523,0.0,0.027637229223786797,0.0,0.05290273937367645,0.005574330511850504,0.0,0.00541773175853384,0.1536643026004728,25.144601457397037,6.907539404892287
eos,eos,EOS,2.296888922171604,2148367026,2224363281.818757,09-07-2017,135,0.0,0.0,0.0,0.0,0.0,0.0,0.0,991.0,107.31159227205086,3350751078.876882,2685076464.2214866,2925522541.348414,0.0,1447535.1386937445,5720943.835431325,1411023.0166843599,0.0,0.0,69.0,2020-03-26,0.14197945579003593,8.19838056680162,5.8894611727416795,7.303828582737407,0.0,0.6184292229623177,0.0,0.8261164665938713,0.005574330511850504,0.0,0.00541773175853384,0.4078014184397163,23.396988948337032,6.427448189636083
nem,xem,NEM,0.03834574185803306,338011506,35506104.75551443,01-04-2015,46,0.0,0.0,0.0,0.0,0.0,0.0,0.0,1821.0,104.13827732672068,29959624.360033557,39986704.363205075,47665065.414560944,1593176.1479451584,1447535.1386937445,5720943.835431325,4619671.606467752,0.0,0.0,115.0,2020-03-26,0.02233821739575073,2.7935222672064777,10.822107765451662,7.526391784229729,0.0,0.00552947884730033,0.0,0.013459781923981848,0.005574330511850504,0.0,0.017737585624342852,0.6796690307328606,21.886330241923957,6.012451174886334
zcash,zec,Zcash,32.32631925418539,301566690,270337406.6069282,29-10-2016,105,0.0,0.0,0.0,0.0,0.0,0.0,0.0,1244.0,103.07067337615389,303372405.8838099,258296627.70289063,300718818.78513,7615873.775977365,9559628.259829873,10101954.528654508,12763384.006207196,0.0,0.0,2.0,2020-03-26,0.019929683342013123,6.376518218623482,7.393026941362916,7.6043499981344045,0.0,0.0559917334419896,0.0,0.08491774187408928,0.03681328768212533,0.0,0.04900599781800715,0.01182033096926714,21.632373933248296,5.942686171361808
